{"CornerNumber": [1, 2, 3, 4, 5, 6, 7, 8, 9, 10, 11, 12, 13, 14, 15, 16, 17], "X": [-1899.7612578803382, 1732.5149407515005, 2053.7437674414186, 2172.6997447917183, 6939.813214488603, 12730.179271538209, 8943.470540811726, 6354.257760984389, 6369.130006802049, 6653.806259589897, 6193.493059395486, 2955.1479032937477, 409.49495552605094, 711.4939433850359, 1316.9696617902528, 1802.3425338235716, 647.7500624493805], "Y": [420.2678596793289, 4734.318266477525, 4211.359522778759, 3518.12533159815, 1713.2390489771146, 3212.1022354730994, 782.0186059570021, 1111.8213397398576, 90.11509530806694, -543.3895694106819, -1209.6945759353625, -3030.0123505697748, -1031.2063706248023, -2388.5290837743423, -2711.2656697998395, -3786.315188363221, -4379.527714066199], "Angle": [-162.3350695900138, 66.52922033307038, -168.00520894359897, -141.37340840293274, 88.06530512934444, 20.847577742445267, -88.22967362383548, 117.29358321110735, -154.05243901033208, -6.796031691854559, 124.70184486777322, -96.18152366166112, -217.83337719865838, -125.85753377699537, 53.752286616943636, -29.637893682616472, -108.84650113275592], "Distance": [313.52516901049273, 833.9099739290748, 928.7803752349578, 1017.7831521866115, 1529.3536865538217, 2084.392414297269, 2601.053350740791, 2821.6611628633505, 2995.0782876682724, 3053.131383828008, 3114.4232032344908, 3493.922984769464, 3828.6955967978643, 3973.28319093737, 4066.0775670905846, 4202.113090446189, 4321.830542588694], "Rotation": 0.0}