{"CornerNumber": [1, 2, 3, 4, 5, 6, 7, 8, 9, 10, 11, 12, 13, 14, 15, 16, 17, 18, 19, 20, 21], "X": [758.1060791015625, 289.2606201171875, -1342.8572998046875, -1215.64599609375, -1329.310791015625, -1822.6177978515625, -1652.641357421875, -5805.00927734375, -5142.84423828125, -3935.77490234375, 1657.04052734375, 1984.38232421875, 2354.76171875, 2322.87646484375, -410.5672607421875, -1822.58642578125, -2014.4530029296875, -948.2383422851562, -923.211669921875, -3897.388916015625, -4730.4609375], "Y": [6586.18017578125, 8810.6279296875, 9963.333984375, 11871.841796875, 14455.244140625, 14902.4365234375, 16067.1279296875, 4591.0283203125, 4383.76318359375, 2022.2926025390625, -1591.1627197265625, -1105.0916748046875, -825.3573608398438, 423.0693359375, 200.03628540039062, 1149.9744873046875, 2270.25537109375, 2550.0498046875, 3657.02001953125, 3670.621337890625, 5532.771484375], "Angle": [-32.94119674586171, 45.322447728615266, -156.2760598754811, -11.269918889093287, -136.68874890390444, 4.759003322642782, 70.5325106531237, -161.49115962077028, 53.98239720883735, -134.35208121198193, -68.54938824278845, 141.88935901384335, -33.72007746515994, 59.17932760669566, 82.18213329026113, 28.102844535943454, -28.523886733817836, -36.37820037945389, 42.91386898057699, 54.462497401770214, -19.987552213050254], "Distance": [410.32419926095986, 650.6357865443275, 846.8847337634332, 1052.2300100726177, 1305.4493033692065, 1389.4188950960602, 1511.142228440665, 2732.5256485499835, 2837.5670159043584, 3107.7535000662133, 3758.485105816595, 3838.0967015258757, 3917.6097204342873, 4001.3920777009753, 4309.100043947879, 4466.521303126466, 4576.949460401604, 4723.245233358011, 4820.157795333235, 5150.7471166277, 5340.891958681824], "Rotation": 280.0}