{"CornerNumber": [1, 2, 3, 4, 5, 6, 7, 8, 9, 10, 11, 12, 13, 14, 15, 16, 17], "X": [-1899.7612578803382, 1732.5149407515005, 2053.7437674414186, 2172.6997447917183, 6939.813214488603, 12730.179271538209, 8943.470540811726, 6354.257760984389, 6369.130006802049, 6653.806259589897, 6193.493059395486, 2955.1479032937477, 409.49495552605094, 711.4939433850359, 1316.9696617902528, 1802.3425338235716, 647.7500624493805], "Y": [420.2678596793289, 4734.318266477525, 4211.359522778759, 3518.12533159815, 1713.2390489771146, 3212.1022354730994, 782.0186059570021, 1111.8213397398576, 90.11509530806694, -543.3895694106819, -1209.6945759353625, -3030.0123505697748, -1031.2063706248023, -2388.5290837743423, -2711.2656697998395, -3786.315188363221, -4379.527714066199], "Angle": [-162.3350695900138, 66.52922033307038, -168.00520894359897, -141.37340840293274, 88.06530512934444, 20.847577742445267, -88.22967362383548, 117.29358321110735, -154.05243901033208, -6.796031691854559, 124.70184486777322, -96.18152366166112, -217.83337719865838, -125.85753377699537, 53.752286616943636, -29.637893682616472, -108.84650113275592], "Distance": [299.6603565940079, 820.9316002116719, 912.5648815889722, 999.3694058632732, 1500.8976177469406, 2079.7199404820954, 2565.7185420942938, 2813.7581352267207, 2960.4336755606187, 3035.3784478175826, 3095.709348285349, 3489.6673500285506, 3811.0008371361296, 3960.261725042924, 4056.740420258794, 4185.875724818163, 4295.889623409054]}