{"CornerNumber": [1, 2, 3, 4, 5, 6, 7, 8, 9, 10, 11, 12, 13, 14, 15, 16, 17, 18, 19, 20, 21, 22, 23], "X": [432.50665283203125, -158.56326293945312, -886.8078002929688, -1085.952392578125, -562.119873046875, -5310.61962890625, -8287.0322265625, -9517.107421875, -10948.638671875, -13236.0732421875, -12263.3623046875, -12136.92578125, -10760.1103515625, -9401.7421875, -7330.4462890625, -6383.16796875, -6205.32666015625, -4107.8115234375, -3841.136474609375, -2483.682373046875, -2290.99755859375, 587.6768798828125, 1185.111572265625], "Y": [3567.84912109375, 3644.214111328125, 4127.07666015625, 3089.476806640625, 325.75439453125, 517.8907470703125, 2196.8154296875, 485.0157775878906, 1708.481689453125, -1882.8096923828125, -2818.82958984375, -3601.125, -4945.19287109375, 111.70972442626953, -1331.593505859375, -1511.12158203125, -2313.67333984375, -2508.521728515625, -1671.2635498046875, -1749.171142578125, -2382.002197265625, -2658.6455078125, -1758.93994140625], "Angle": [59.01921173970659, -113.32500685958706, 120.9316017481458, -175.6376695355284, -54.26416676559614, -108.68102998117025, 88.3172391589591, 94.4327118521958, 98.34700640113064, 176.30877606776173, 50.77135768564244, -156.74618125380925, -79.79085895698665, -54.94238892515303, -111.87946601217061, 43.38343777770292, -135.03695384562002, -47.518273240576605, 126.46894877529128, 51.28198873829245, -137.2399803017606, -68.90250570254815, -13.407970612164258], "Distance": [430.0028093931538, 504.2644071991676, 569.5095219009643, 732.4172787161309, 1012.609859351345, 1461.2988341072023, 1818.8500169048793, 2009.5817720740883, 2207.616585058376, 2655.5010006192, 2776.286057558049, 2915.3732551772505, 3046.443241306904, 3568.7824231784225, 3854.3290453391573, 3937.0098214715645, 4052.6398206787885, 4230.101762561146, 4342.655563185913, 4449.967108615689, 4546.610075776437, 4818.69721402231, 4974.168814336344], "Rotation": 335.0}