{"tel": {"time": [0.0, 0.059, 0.26, 0.299, 0.539, 0.559, 0.819, 0.859, 1.058, 1.159, 1.297, 1.459, 1.498, 1.738, 1.759, 1.978, 2.059, 2.218, 2.359, 2.458, 2.659, 2.698, 2.939, 2.959, 3.178, 3.259, 3.418, 3.559, 3.658, 3.859, 3.898, 4.099, 4.159, 4.339, 4.459, 4.579, 4.759, 4.859, 5.059, 5.098, 5.338, 5.359, 5.578, 5.66, 5.898], "rpm": [11128.204253866666, 11155.0, 11294.024955733334, 11321.0, 11156.0, 11172.42857142857, 11386.0, 11390.68619121374, 11414.0, 11437.242656872259, 11469.0, 11511.716397760445, 11522.0, 11642.0, 11633.687525333333, 11547.0, 11560.499989333333, 11587.0, 11418.975076266666, 11301.0, 10671.200200533332, 10549.0, 10753.0, 10795.761494825374, 11264.0, 11229.237527466667, 11161.0, 11250.8874592, 11314.0, 10942.1501184, 10870.0, 9470.0, 9139.75, 8149.0, 7309.0, 6469.0, 5362.0, 4747.0, 4578.799208221132, 4546.0, 4405.0, 4396.1625269333335, 4304.0, 4282.4750336, 4220.0], "speed": [272.7708373333333, 274.0, 276.5124992, 277.0, 278.0, 278.14285714285717, 280.0, 280.16736397191926, 281.0, 281.4225937613138, 282.0, 282.805969769065, 283.0, 284.0, 284.0, 284.0, 284.0, 284.0, 284.0, 284.0, 273.1125034666667, 271.0, 259.0, 258.3305441123229, 251.0, 247.28750293333334, 240.0, 236.4750016, 234.0, 230.65000106666668, 230.0, 218.0, 208.75, 181.0, 151.0, 121.0, 82.42857142857143, 61.0, 44.26360280807289, 41.0, 11.0, 10.125002666666667, 1.0, 0.7437504, 0.0], "gear": [7, 7, 7, 7, 7, 7, 7, 7, 7, 7, 7, 7, 7, 7, 7, 7, 7, 7, 7, 7, 7, 7, 7, 7, 6, 6, 6, 6, 6, 6, 6, 6, 6, 6, 6, 6, 6, 6, 6, 6, 6, 6, 6, 6, 6], "throttle": [100.0, 100.0, 100.0, 100.0, 100.0, 100.0, 100.0, 100.0, 100.0, 100.0, 100.0, 100.0, 100.0, 100.0, 100.0, 100.0, 100.0, 100.0, 65.33751573333333, 41.0, 6.662510933333337, 0.0, 0.0, 0.0, 0.0, 2.0249984, 6.0, 40.07498453333333, 64.0, 37.20000853333333, 32.0, 34.0, 31.0, 22.0, 11.5, 1.0, 0.3571428571428571, 0.0, 0.0, 0.0, 0.0, 0.0, 0.0, 0.0, 0.0], "brake": [0, 0, 0, 0, 0, 0, 0, 0, 0, 0, 0, 0, 0, 0, 0, 0, 0, 0, 0, 1, 1, 1, 1, 1, 0, 0, 0, 0, 0, 0, 1, 0, 0, 1, 1, 1, 1, 1, 1, 1, 1, 1, 1, 1, 1], "drs": [0, 0, 0, 0, 0, 0, 0, 0, 0, 0, 0, 0, 0, 0, 0, 0, 0, 0, 0, 0, 0, 0, 0, 0, 0, 0, 0, 0, 0, 0, 0, 0, 0, 0, 0, 0, 0, 0, 0, 0, 0, 0, 0, 0, 0], "distance": [0.2304798124908518, 4.7419444444444405, 20.201962101571816, 23.208611111111104, 41.74194444444444, 43.29194440079168, 63.519722222222214, 66.63835830592757, 82.175, 90.07813512907376, 100.89666666666665, 113.62713373945898, 116.69749999999999, 135.63083333333333, 137.28809160111345, 154.56416666666667, 160.94855380029583, 173.4975, 184.68460509692505, 192.43083333333334, 207.62199729008645, 210.4975, 227.8361111111111, 229.25133324993513, 244.4997222222222, 249.97399156663477, 260.4997222222222, 269.6956499632913, 276.09972222222217, 288.97918236327257, 291.43305555555554, 303.6047222222222, 306.92161063042244, 315.6713888888889, 320.2279700293153, 323.73805555555555, 327.0908633668522, 328.4825, 330.889672286332, 331.20444444444445, 331.9377777777778, 331.95730873491226, 332.00444444444446, 332.0054217527108, 332.00444444444446], "rel_distance": [0.0006942070094167665, 0.014282773992316021, 0.060848468867266275, 0.06990451935047721, 0.12572706523339713, 0.13039567730255458, 0.19132190332124063, 0.20071525975333263, 0.24751174683069838, 0.2713160520480528, 0.3039015541960616, 0.3422458212256632, 0.35149378857043406, 0.4085211376019062, 0.41351281254937045, 0.4655484866333784, 0.48477831093381035, 0.5225758356648506, 0.5562714842747506, 0.5796031846963227, 0.625359090109496, 0.6340201269059317, 0.6862441600514049, 0.6905068202732949, 0.7364350878836963, 0.7529236302391242, 0.7846272138257854, 0.8123254205665326, 0.8316145366193222, 0.8704075719432981, 0.8777986573138243, 0.9144598131216449, 0.924450307115635, 0.9508047081029705, 0.9645291663645191, 0.9751015715987738, 0.9852002551176253, 0.9893918756107682, 0.9966422974849692, 0.9975903937028955, 0.9997991994752413, 0.999858026871866, 1.0, 1.0000029436601912, 1.0], "acc_x": [3.26150673298251, 4.41891414038991, 2.9835695616211697, 2.0580693038542632, 1.5620375578225258, 1.6932238551236354, 1.6736401535315597, 1.3996810938208821, 1.1622500124816622, 1.2018012107002245, 1.2750442736750158, 1.283894072625842, 1.2116870601582823, 0.7510273955185053, 0.3547608911593506, 0.0, 0.0, 0.0, -3.3603384362139854, -8.375770534979427, -13.042603691945919, -14.176892716948437, -12.260794261449703, -11.002307147381222, -10.751506846658522, -10.98936497293913, -9.895833744855945, -7.449846255144049, -5.655864362139946, -8.221451193415643, -13.962280459770113, -26.69376194125158, -39.63743436923514, -55.246913580246975, -62.136243386243414, -64.15343915343915, -52.78460230791394, -39.36891525205958, -30.56694011677439, -29.740870382667524, -25.8505609658588, -17.697095060989792, -7.033205344325494, -3.4645326604371287, -0.5787038593215075], "acc_y": [0.1938575247269257, 0.6085411931342952, -0.042350944551036496, -0.8048526119540458, -0.45074545237239005, 0.2344768853779513, 0.4805709951595666, 0.2942460273953165, 0.1054828812736886, -0.45462063347516524, -0.8864879343937684, -0.16735015399274772, 0.7004760910829223, 0.4481058186794181, 0.023985071516623546, 0.017422451311459808, 0.8103016118599194, 1.4871638839217494, 1.9677850527742116, 2.4307683345708817, 2.460463352874933, 2.4426693532204022, 2.345757763372177, 2.3027999512163273, 2.424168377207201, 1.5926528579312544, -1.7710017210412294, -2.175984770798376, -2.621784420083812, -8.721538475713194, -9.724132306186181, -8.285246619787456, -8.463827547837546, -8.997148603839225, -8.667989690077782, -5.722603183299841, -5.733863881349294, -5.902309450169552, 0.09550088476320223, 0.5508166064165501, -0.892894377312101, -0.9324572276937064, -0.7434631791537125, -0.6934515243991259, -0.6434568573481066], "acc_z": [0.0035108881921079175, 0.0033772338114384294, -0.029964468379389132, -0.029964468379389132, 0.10808368268170931, 0.10808368268174152, -0.20644807065877985, -1.7083573650390191, -2.5813874778215267, -1.4979099939507696, -0.21535802095642098, -0.10630951429125464, -0.10630951429125464, -0.24264737691911878, -0.24264737691915075, 0.024265982835960057, 1.2726978716609438, 1.9562340331658805, 1.0911435757706998, 0.05780901500248661, -0.1317678011706721, -0.36749468945617203, -0.47578580107171053, -0.4966754361765868, -0.42363644187403143, -0.1540483536646418, -0.009068223774250539, -0.2685776682639346, -0.5618526728720303, -0.6241124271947306, -0.29401945044974764, -0.07662116809844274, -0.0007039730665381883, 0.026570671634191807, 0.10700674284959902, 0.30604193086529796, 0.30136993458954536, -0.08878154522073795, 0.08663607834136774, -0.01590148535380424, -0.1267189445228051, -0.1817465044498334, -0.23434717725974843, -0.3306704987432123, -0.4854452568897126], "x": [-678.4776625870805, -699.0552541497389, -749.0, -755.0805112892201, -773.7009162042854, -775.0, -793.9479151068467, -797.0, -812.5006042657234, -822.0, -837.7810789356631, -857.0, -861.1012097062644, -884.5818563662822, -887.0, -919.9490995891412, -943.0, -1012.169394789113, -1085.0, -1135.025770684691, -1234.0, -1252.8552423623412, -1368.2712467248598, -1378.0, -1486.4036306630087, -1526.0, -1601.6404966015332, -1665.0, -1706.690308131152, -1792.0, -1810.5061060613739, -1900.9538263825493, -1908.0, -1856.1917108118512, -1806.0, -1770.0332894011242, -1733.0, -1714.3328944941331, -1678.0, -1670.4489251011225, -1621.317301961059, -1617.0, -1570.3987655872195, -1546.0, -1442.1307640340708],