{"tel": {"time": [0.0, 0.199, 0.238, 0.478, 0.498, 0.758, 0.798, 0.997, 1.098, 1.236, 1.398, 1.437, 1.677, 1.698, 1.917, 1.998, 2.157, 2.298, 2.397, 2.598, 2.637, 2.878, 2.898, 3.117, 3.198, 3.357, 3.498, 3.597, 3.798, 3.837, 4.038, 4.098, 4.278, 4.398, 4.518, 4.698, 4.798, 4.998, 5.037, 5.277, 5.298, 5.517, 5.599, 5.837], "rpm": [11196, 11238, 11321, 11156, 11271, 11386, 11400, 11414, 11441, 11469, 11495, 11522, 11642, 11594, 11547, 11567, 11587, 11444, 11301, 10925, 10549, 10753, 11008, 11264, 11212, 11161, 11237, 11314, 11092, 10870, 9470, 8809, 8149, 7309, 6469, 5608, 4747, 4646, 4546, 4405, 4354, 4304, 4262, 4220], "speed": [274, 275, 277, 278, 279, 280, 280, 281, 281, 282, 282, 283, 284, 284, 284, 284, 284, 284, 284, 277, 271, 259, 255, 251, 245, 240, 237, 234, 232, 230, 218, 199, 181, 151, 121, 91, 61, 51, 41, 11, 6, 1, 0, 0], "gear": [7, 7, 7, 7, 7, 7, 7, 7, 7, 7, 7, 7, 7, 7, 7, 7, 7, 7, 7, 7, 7, 7, 7, 6, 6, 6, 6, 6, 6, 6, 6, 6, 6, 6, 6, 6, 6, 6, 6, 6, 6, 6, 6, 6], "throttle": [0, 0, 0, 0, 0, 0, 0, 0, 0, 0, 0, 0, 0, 0, 0, 0, 0, 0, 0, 0, 0, 0, 0, 0, 0, 0, 0, 0, 0, 0, 0, 0, 0, 0, 0, 0, 0, 0, 0, 0, 0, 0, 0, 0], "brake": [0.0014487867789212405, 15.309856082109466, 18.314444444444444, 36.84777777777778, 38.39791988741679, 58.62555555555556, 61.74415338921862, 77.28083333333333, 85.18397711276764, 96.0025, 108.73296677090562, 111.80333333333334, 130.73666666666668, 132.3939249145749, 149.67000000000002, 156.0543871414739, 168.60333333333335, 179.79043842940342, 187.53666666666666, 202.72783062346474, 205.60333333333335, 222.94194444444446, 224.35716658327127, 239.60555555555555, 245.07982489996692, 255.60555555555555, 264.80148329662484, 271.2055555555555, 284.0850156966059, 286.5388888888889, 298.7105555555556, 302.0274439637558, 310.7772222222222, 315.3338033626486, 318.84388888888884, 322.19669670018544, 323.5883333333333, 325.99550561966527, 326.31027777777774, 327.0436111111111, 327.06314206824555, 327.11027777777775, 327.1112550860441, 327.11027777777775], "drs": [0, 0, 0, 0, 0, 0, 0, 0, 0, 0, 0, 0, 0, 0, 0, 0, 0, 0, 0, 0, 0, 0, 0, 0, 0, 0, 0, 0, 0, 0, 0, 0, 0, 0, 0, 0, 0, 0, 0, 0, 0, 0, 0, 0], "distance": [0.0014487867789212405, 15.309856082109466, 18.314444444444444, 36.84777777777778, 38.39791988741679, 58.62555555555556, 61.74415338921862, 77.28083333333333, 85.18397711276764, 96.0025, 108.73296677090562, 111.80333333333334, 130.73666666666668, 132.3939249145749, 149.67000000000002, 156.0543871414739, 168.60333333333335, 179.79043842940342, 187.53666666666666, 202.72783062346474, 205.60333333333335, 222.94194444444446, 224.35716658327127, 239.60555555555555, 245.07982489996692, 255.60555555555555, 264.80148329662484, 271.2055555555555, 284.0850156966059, 286.5388888888889, 298.7105555555556, 302.0274439637558, 310.7772222222222, 315.3338033626486, 318.84388888888884, 322.19669670018544, 323.5883333333333, 325.99550561966527, 326.31027777777774, 327.0436111111111, 327.06314206824555, 327.11027777777775, 327.1112550860441, 327.11027777777775], "rel_distance": [4.429046952495082e-06, 0.0468033477459556, 0.055988593720941886, 0.11264634675529915, 0.11738524435328934, 0.17922260331845277, 0.18875638457060187, 0.23625314942208583, 0.2604136369283919, 0.29348665120580303, 0.3324046175179286, 0.3417909522527656, 0.39967153448930326, 0.4047378939420445, 0.45755211672584095, 0.4770696543123888, 0.5154326989623785, 0.549632495960717, 0.5733132811989161, 0.6197537784526226, 0.628544400164063, 0.6815498001438524, 0.6858762375411764, 0.7324916758449623, 0.7492269168823299, 0.7814048439321772, 0.8095174663894773, 0.8290951828172116, 0.868468632739198, 0.875970302234126, 0.9131799758321396, 0.9233199458469415, 0.9500686567645807, 0.963998457966125, 0.9747290456752182, 0.9849788239275978, 0.989233158712191, 0.996592060128206, 0.9975543415956393, 0.9997961951329699, 0.9998559026947964, 1.0, 1.000002987702719, 1.0], "acc_x": [1.6324229300877073, 2.6280422052768695, 2.875003507514567, 2.3692456488155393, 1.6822683489350123, 1.3574343420926462, 1.0047006560256337, 1.0834753861253272, 1.0047006560256142, 1.1567183453567407, 1.433047823407859, 1.4791667392585741, 1.0185070746187974, 0.3547608911593506, 0.0, 0.0, 0.0, -2.160493827160493, -7.175925925925926, -13.128306878306873, -16.64398730969611, -14.727888854197385, -11.861927654902853, -10.429580556846929, -9.799382716049362, -9.02777777777777, -6.327160493827171, -5.401234567901243, -8.487654320987644, -17.942032070384563, -30.67351355186608, -40.087093798779684, -52.23765432098769, -56.481481481481424, -61.50793650793642, -50.70546737213398, -39.93528296178225, -33.36893678970134, -33.4398889679332, -29.549579551124474, -18.120355402053693, -5.9930760633279965, -2.135051371969976, -0.2893518518518524], "acc_y": [0.0038830625358222126, -0.2954125059745202, -1.057003452093115, -1.1349086986538284, -0.4517427222394579, 0.21115845977609093, 0.4762766043856864, 0.27748231347919217, -0.6356420334316292, -1.1565595415895475, -0.5536117983597739, 0.3133037254314816, 0.46151815642275495, 0.03945377059593169, -0.5471325778816062, 0.5601698630654028, 1.6410574013462433, 2.091813072037639, 2.5879485327464393, 2.3438043655411094, 2.324398473927677, 2.2987429836643116, 2.2567548491704286, 2.6033830590571503, 1.7642592886474966, -1.939174025928852, -2.421641434072368, -2.7124930436864574, -8.865793733549575, -9.86677567206366, -8.504310186425624, -8.675205018619016, -9.282143408956559, -8.912325042621218, -5.767491078486892, -5.780935915476088, -5.867971798763367, 0.22285546065789322, 1.1379187131127508, -0.26920046669248193, -0.31741909059275375, -0.13342374367994264, -0.04687126645895339, -0.10344614320423046], "acc_z": [4.002425038290174, 1.0502133743059452, 1.0502133743059452, 3.7234575724301338, 3.7234575724301338, 1.3603795225286137, 0.09648403617558365, -0.8939991470845086, -3.5014354018358906, -2.097425597377879, 1.689573870480428, 1.689573870480428, -0.7468263434448796, -0.7468263434448796, 1.1135023466919258, 1.1135023466919258, 1.0326610037966233, 1.991906896829376, 0.853405851142591, -0.20802452366232754, -0.43941045722860295, -0.6969894363138702, -0.7179719285823726, -0.21745167470743942, 0.019507495865136365, -0.017760388377294357, -0.03324492237621943, -0.31531570111308865, -0.32288529286557743, 0.0028667291601810474, 0.1375066006290981, 0.2255558788009923, 0.26866421757951997, 0.026480657389990135, 0.2508761142858294, 0.2692028967259382, 0.11166705995223233, 0.34101381874068903, 0.24664773028120587, 0.13274285369867495, 0.06567606779528319, 0.024796834906537123, 0.03002122452349119, -0.1761210121930379], "x": [-699, -749, -755, -773, -775, -793, -797, -812, -822, -837, -857, -861, -884, -887, -919, -943, -1012, -1085, -1135, -1234, -1252, -1368, -1378, -1486, -1526, -1601, -1665, -1706, -1792, -1810, -1900, -1908, -1856, -1806, -1770, -1733, -1714, -1678, -1670, -1621, -1617, -1570, -1546, -1442], "y": [-2056, -1954, -1941, -1901, -1899, -1860, -1854, -1820, -1800, -1767, -1728, -1719, -1670, -1665, -1595, -1547, -1401, -1250, -1146, -944, -905, -676, -658, -449, -374, -229, -109, -29, 129, 161, 339, 392, 543, 630, 700, 784, 824, 901, 916, 1019, 1028, 1122, 1171, 1370], "z": [1479, 1481, 1481, 1481, 1481, 1480, 1481, 1481, 1481, 1480, 1481, 1481, 1481, 1482, 1482, 1482, 1482, 1482, 1481, 1482, 1482, 1482, 1483, 1482, 1483, 1483, 1484, 1484, 1485, 1485, 1485, 1486, 1486, 1487, 1487, 1488, 1488, 1489, 1489, 1490, 1491, 1491, 1491, 1490], "dataKey": "BOT - Lap 57 - 2019 - Race - [nan]"}}