{"tel": {"time": [0.0, 0.054, 0.22, 0.353, 0.46, 0.653, 0.74, 0.953, 0.98, 1.219, 1.253, 1.499, 1.553, 1.739, 1.853, 1.979, 2.153, 2.18, 2.42, 2.453, 2.66, 2.753, 2.9, 3.053, 3.14, 3.353, 3.38, 3.62, 3.653, 3.86, 3.953, 4.1, 4.253, 4.34, 4.553, 4.58, 4.82, 4.853, 5.1, 5.153, 5.34, 5.453, 5.58, 5.753, 5.82, 6.053, 6.14, 6.254, 6.38, 6.554, 6.62, 6.854, 6.86, 7.1, 7.154, 7.34, 7.454, 7.58, 7.753, 7.82, 8.053, 8.06, 8.299, 8.353, 8.579, 8.653, 8.78, 8.953, 9.02, 9.253, 9.26, 9.5, 9.553, 9.74, 9.853, 9.98, 10.153, 10.22, 10.453, 10.46, 10.7, 10.753, 10.94, 11.053, 11.18, 11.353, 11.42, 11.653, 11.66, 11.953, 12.02], "rpm": [11496, 11223, 10677, 10684, 10692, 10785, 10879, 10956, 11033, 11095, 11156, 11217, 11214, 11211, 11229, 11247, 11253, 11260, 11350, 11330, 11310, 11310, 11311, 11336, 11361, 11344, 11328, 11403, 11073, 10743, 9951, 9160, 8727, 8295, 8343, 8392, 8618, 8915, 9213, 9006, 8799, 9166, 9533, 9223, 8914, 9246, 9579, 8879, 8179, 7199, 6219, 5379, 4539, 3908, 3895, 3883, 3855, 3828, 3833, 3838, 3800, 3763, 3786, 4312, 4838, 5479, 6120, 5560, 5000, 4312, 3625, 3709, 3741, 3774, 3790, 3807, 3738, 3670, 3524, 3378, 3486, 3479, 3473, 3467, 3462, 3431, 3400, 3457, 3514, 3429, 3345], "speed": [257, 259, 262, 263, 265, 266, 268, 269, 271, 273, 274, 276, 276, 276, 277, 279, 279, 280, 280, 280, 281, 280, 280, 280, 281, 281, 281, 281, 275, 269, 249, 230, 220, 210, 196, 183, 167, 161, 155, 149, 143, 137, 132, 128, 124, 114, 105, 94, 84, 54, 24, 16, 9, 21, 38, 56, 51, 46, 45, 44, 43, 43, 42, 40, 39, 38, 38, 37, 36, 35, 35, 34, 31, 29, 26, 24, 22, 20, 18, 17, 13, 11, 10, 8, 6, 5, 5, 3, 2, 1, 0], "gear": [6, 6, 7, 7, 7, 7, 7, 7, 7, 7, 7, 7, 7, 7, 7, 7, 7, 7, 7, 7, 7, 7, 7, 7, 7, 7, 7, 7, 7, 7, 7, 7, 7, 7, 7, 6, 6, 6, 5, 5, 4, 4, 4, 4, 3, 3, 2, 2, 2, 2, 2, 2, 2, 2, 2, 2, 2, 2, 2, 2, 2, 2, 2, 2, 2, 2, 2, 2, 2, 2, 2, 2, 2, 2, 2, 2, 2, 2, 2, 2, 2, 2, 2, 2, 2, 2, 2, 2, 2, 2, 2], "throttle": [0, 0, 0, 0, 0, 0, 0, 0, 0, 0, 0, 0, 0, 0, 0, 0, 0, 0, 0, 0, 0, 0, 0, 0, 0, 0, 0, 0, 0, 0, 0, 0, 0, 0, 0, 0, 0, 0, 0, 0, 0, 0, 0, 0, 0, 0, 0, 0, 0, 0, 0, 0, 0, 0, 0, 0, 0, 0, 0, 0, 0, 0, 0, 0, 0, 0, 0, 0, 0, 0, 0, 0, 0, 0, 0, 0, 0, 0, 0, 0, 0, 0, 0, 0, 0, 0, 0, 0, 0, 0, 0], "brake": [0.2497790133245582, 4.180772843656914, 16.311111111111106, 26.080468039408085, 33.977777777777774, 48.31737614698912, 54.822222222222216, 70.84987914083204, 72.88888888888889, 91.01305555555555, 93.60872768798866, 112.47972222222222, 116.61713514959345, 130.87972222222223, 139.6938713172895, 149.47972222222222, 163.0132736028519, 165.11305555555555, 183.7797222222222, 186.35292133219733, 202.51305555555555, 209.7497100703514, 221.1797222222222, 233.11947014059314, 239.91305555555556, 256.535913968978, 258.64638888888885, 277.3797222222222, 279.9239852977157, 295.31305555555554, 301.5245542213155, 310.64638888888885, 319.7587227636061, 324.64638888888885, 335.5375863702368, 336.84638888888884, 347.97972222222216, 349.4510885657414, 360.0352777777777, 362.2054674378581, 369.56861111111107, 373.78568330600285, 378.3686111111111, 384.42416475781533, 386.63527777777773, 393.5803008287953, 395.96861111111104, 398.9740853832552, 401.56861111111107, 402.9430278975412, 403.1686111111111, 403.7497897137, 403.7686111111111, 405.1686111111111, 405.85737491158767, 408.90194444444444, 410.4481995973409, 411.9686111111111, 414.08664358306015, 414.90194444444444, 417.6857041890009, 417.7686111111111, 420.5569444444444, 421.15994343029456, 423.59027777777777, 424.3780740778851, 425.71194444444444, 427.4519452637063, 428.1119444444444, 430.3775885609313, 430.44527777777773, 432.7119444444444, 433.17069239255096, 434.6452777777777, 435.4365811829092, 436.24527777777774, 437.2271198946137, 437.57861111111106, 438.6826688061277, 438.7119444444444, 439.57861111111106, 439.74438600080475, 440.24527777777774, 440.45484331303686, 440.6452777777777, 440.90166109375537, 440.97861111111104, 441.1101516289739, 441.11194444444436, 441.11550485086826, 441.11194444444436], "drs": [0, 0, 0, 0, 0, 0, 0, 0, 0, 0, 0, 0, 0, 0, 0, 0, 0, 0, 0, 0, 0, 0, 0, 0, 0, 0, 0, 0, 0, 0, 0, 0, 0, 0, 0, 0, 0, 0, 0, 0, 0, 0, 0, 0, 0, 0, 0, 0, 0, 0, 0, 0, 0, 0, 0, 0, 0, 0, 0, 0, 0, 0, 0, 0, 0, 0, 0, 0, 0, 0, 0, 0, 0, 0, 0, 0, 0, 0, 0, 0, 0, 0, 0, 0, 0, 0, 0, 0, 0, 0, 0], "distance": [0.2497790133245582, 4.180772843656914, 16.311111111111106, 26.080468039408085, 33.977777777777774, 48.31737614698912, 54.822222222222216, 70.84987914083204, 72.88888888888889, 91.01305555555555, 93.60872768798866, 112.47972222222222, 116.61713514959345, 130.87972222222223, 139.6938713172895, 149.47972222222222, 163.0132736028519, 165.11305555555555, 183.7797222222222, 186.35292133219733, 202.51305555555555, 209.7497100703514, 221.1797222222222, 233.11947014059314, 239.91305555555556, 256.535913968978, 258.64638888888885, 277.3797222222222, 279.9239852977157, 295.31305555555554, 301.5245542213155, 310.64638888888885, 319.7587227636061, 324.64638888888885, 335.5375863702368, 336.84638888888884, 347.97972222222216, 349.4510885657414, 360.0352777777777, 362.2054674378581, 369.56861111111107, 373.78568330600285, 378.3686111111111, 384.42416475781533, 386.63527777777773, 393.5803008287953, 395.96861111111104, 398.9740853832552, 401.56861111111107, 402.9430278975412, 403.1686111111111, 403.7497897137, 403.7686111111111, 405.1686111111111, 405.85737491158767, 408.90194444444444, 410.4481995973409, 411.9686111111111, 414.08664358306015, 414.90194444444444, 417.6857041890009, 417.7686111111111, 420.5569444444444, 421.15994343029456, 423.59027777777777, 424.3780740778851, 425.71194444444444, 427.4519452637063, 428.1119444444444, 430.3775885609313, 430.44527777777773, 432.7119444444444, 433.17069239255096, 434.6452777777777, 435.4365811829092, 436.24527777777774, 437.2271198946137, 437.57861111111106, 438.6826688061277, 438.7119444444444, 439.57861111111106, 439.74438600080475, 440.24527777777774, 440.45484331303686, 440.6452777777777, 440.90166109375537, 440.97861111111104, 441.1101516289739, 441.11194444444436, 441.11550485086826, 441.11194444444436], "rel_distance": [0.0005662485826339208, 0.009477804662311656, 0.03697726011852622, 0.05912437504328968, 0.07702756229049945, 0.10953540650059279, 0.12428188107956976, 0.16061655104366646, 0.16523898254600278, 0.20632643641101436, 0.21221082055686247, 0.25499133188035544, 0.26437083968892794, 0.2967040994255049, 0.31668575987718045, 0.3388702666178843, 0.3695508037266094, 0.374311005709687, 0.41662830611780965, 0.42246174396138464, 0.45909673974167564, 0.47550222276234066, 0.5014140401497983, 0.528481427620814, 0.5438824737736643, 0.5815664644766546, 0.5863509073975302, 0.6288193410213961, 0.63458718092584, 0.6694741760563425, 0.6835556325754648, 0.7042348156773004, 0.7248924604984891, 0.7359727909833924, 0.7606631164631633, 0.7636301694644154, 0.7888694164935457, 0.7922050013990334, 0.8161993396737915, 0.8211191558053036, 0.8378113895250828, 0.8473714847526175, 0.8577609740031978, 0.8714889034391847, 0.8765014927553664, 0.8922458477620403, 0.8976601429594276, 0.904473547833171, 0.9103553330818646, 0.9134711335124359, 0.9139825302597037, 0.9153000611266605, 0.9153427292013934, 0.9185165267320026, 0.9200779530528064, 0.926979986813627, 0.9304853445178802, 0.9339321147378187, 0.9387336906158344, 0.9405819762305236, 0.9468927546612969, 0.9470807045074854, 0.9534018512559486, 0.9547688488932708, 0.9602784125722686, 0.962064345395057, 0.965088227163299, 0.9690328059514641, 0.9705290229300576, 0.9756652341458756, 0.9758186854810729, 0.9809572148163449, 0.9819971956055398, 0.9853400780729005, 0.9871339614965926, 0.9889672752507396, 0.9911931095977841, 0.9919899395656054, 0.9944928364128154, 0.9945592042332414, 0.9965239360379042, 0.9968997474204375, 0.9980352681953373, 0.9985103528941276, 0.998942067489797, 0.9995232880148965, 0.9996977335685134, 0.9999959356904906, 1.0, 1.0000080714350827, 1.0],