{"tel": {"time": [0.0, 0.073, 0.239, 0.372, 0.479, 0.672, 0.759, 0.972, 0.999, 1.238, 1.272, 1.518, 1.572, 1.758, 1.872, 1.998, 2.172, 2.199, 2.439, 2.472, 2.679, 2.772, 2.919, 3.072, 3.159, 3.372, 3.399, 3.639, 3.672, 3.879, 3.972, 4.119, 4.272, 4.359, 4.572, 4.599, 4.839, 4.872, 5.119, 5.172, 5.359, 5.472, 5.599, 5.772, 5.839, 6.072, 6.159, 6.273, 6.399, 6.573, 6.639, 6.873, 6.879, 7.119, 7.173, 7.359, 7.473, 7.599, 7.772, 7.839, 8.072, 8.079, 8.318, 8.372, 8.598, 8.672, 8.799, 8.972, 9.039, 9.272, 9.279, 9.519, 9.572, 9.759, 9.872, 9.999, 10.172, 10.239, 10.472, 10.479, 10.719, 10.772, 10.959, 11.072, 11.199, 11.372, 11.439, 11.672, 11.679, 11.972, 12.039], "rpm": [11329.46947584, 11130.17965056, 10677.0, 10685.312496, 10692.0, 10820.8965568, 10879.0, 11015.674958933334, 11033.0, 11095.0, 11109.814341485715, 11217.0, 11215.6500032, 11211.0, 11228.1000192, 11247.0, 11258.253726647952, 11260.0, 11350.0, 11344.499968, 11310.0, 11310.387499733333, 11311.0, 11342.87504, 11361.0, 11331.7125088, 11328.0, 11403.0, 11312.249472, 10743.0, 10129.587922133333, 9160.0, 8608.561808, 8295.0, 8381.087474133334, 8392.0, 8618.0, 8688.125408, 9213.0, 9121.5751104, 8799.0, 9144.592253866667, 9533.0, 9086.804331733334, 8914.0, 9398.203524, 9579.0, 8913.999253333333, 8179.0, 6757.998954666667, 6219.0, 4580.999104, 4539.0, 3908.0, 3902.3749866666667, 3883.0, 3856.8749706666667, 3828.0, 3835.208330666667, 3838.0, 3765.18744, 3763.0, 3786.0, 3988.8852333714285, 4838.0, 5309.981066183026, 6120.0, 5312.666965333334, 5000.0, 3665.1030666666666, 3625.0, 3709.0, 3723.354149333333, 3774.0, 3789.5375264, 3807.0, 3708.2458698666665, 3670.0, 3386.5164330666667, 3378.0, 3486.0, 3483.1291701333334, 3473.0, 3467.8208245333335, 3462.0, 3417.3083498666665, 3400.0, 3510.6750911999998, 3514.0, 3376.452807822222, 3345.0], "speed": [258.41500288, 259.51000192, 262.0, 263.6624992, 265.0, 267.0678592, 268.0, 270.6624992, 271.0, 273.0, 273.3642870857143, 276.0, 276.0, 276.0, 277.4250016, 279.0, 279.86567128061176, 280.0, 280.0, 280.1375008, 281.0, 280.61250026666664, 280.0, 280.6375008, 281.0, 281.0, 281.0, 281.0, 279.3499904, 269.0, 253.8875104, 230.0, 217.249984, 210.0, 186.0375072, 183.0, 167.0, 165.58570605714286, 155.0, 152.3500032, 143.0, 137.82082453333334, 132.0, 126.23333546666666, 124.0, 110.1656136, 105.0, 95.0249888, 84.0, 40.499968, 24.0, 9.374992, 9.0, 21.0, 28.875018666666666, 56.0, 51.249994666666666, 46.0, 44.558333866666665, 44.0, 43.029165866666666, 43.0, 42.0, 41.421429942857145, 39.0, 38.63184004197892, 38.0, 36.558333866666665, 36.0, 35.029165866666666, 35.0, 34.0, 32.895834666666666, 29.0, 26.64582933333333, 24.0, 21.116667733333333, 20.0, 17.0874976, 17.0, 13.0, 12.3375008, 10.0, 8.116663466666667, 6.0, 5.279166933333333, 5.0, 2.0874976000000003, 2.0, 0.3722225777777777, 0.0], "gear": [6, 6, 7, 7, 7, 7, 7, 7, 7, 7, 7, 7, 7, 7, 7, 7, 7, 7, 7, 7, 7, 7, 7, 7, 7, 7, 7, 7, 7, 7, 7, 7, 7, 7, 7, 6, 6, 6, 5, 5, 4, 4, 4, 4, 3, 3, 2, 2, 2, 2, 2, 2, 2, 2, 2, 2, 2, 2, 2, 2, 2, 2, 2, 2, 2, 2, 2, 2, 2, 2, 2, 2, 2, 2, 2, 2, 2, 2, 2, 2, 2, 2, 2, 2, 2, 2, 2, 2, 2, 2, 2], "throttle": [100.0, 100.0, 100.0, 100.0, 100.0, 100.0, 100.0, 100.0, 100.0, 100.0, 100.0, 100.0, 100.0, 100.0, 100.0, 100.0, 100.0, 100.0, 100.0, 100.0, 100.0, 100.0, 100.0, 100.0, 100.0, 100.0, 100.0, 100.0, 86.24992, 0.0, 0.0, 0.0, 0.0, 0.0, 0.0, 0.0, 0.0, 1.2964361142857141, 11.0, 10.116667733333333, 7.0, 9.8250048, 13.0, 3.629170133333332, 0.0, 0.0, 0.0, 0.0, 0.0, 0.0, 0.0, 0.0, 0.0, 0.0, 0.0, 0.0, 0.0, 0.0, 0.0, 0.0, 0.0, 0.0, 0.0, 0.1928566857142857, 1.0, 1.7363199160421623, 3.0, 0.8375007999999999, 0.0, 0.0, 0.0, 0.0, 0.0, 0.0, 0.0, 0.0, 0.0, 0.0, 0.0, 0.0, 0.0, 0.0, 0.0, 0.0, 0.0, 0.0, 0.0, 0.0, 0.0, 0.0, 0.0], "brake": [0, 0, 0, 0, 0, 0, 0, 0, 0, 0, 0, 0, 0, 0, 0, 0, 0, 0, 0, 0, 0, 0, 0, 0, 0, 0, 0, 0, 0, 1, 1, 1, 1, 1, 1, 1, 1, 1, 1, 1, 1, 1, 1, 1, 1, 1, 1, 1, 1, 1, 1, 1, 1, 1, 1, 1, 1, 1, 1, 0, 0, 0, 0, 0, 0, 0, 0, 0, 0, 0, 0, 1, 1, 1, 1, 1, 1, 1, 1, 1, 1, 1, 1, 1, 1, 1, 1, 1, 1, 1, 1], "drs": [0, 0, 0, 0, 0, 0, 0, 0, 0, 0, 0, 0, 0, 0, 0, 0, 0, 0, 0, 0, 0, 0, 0, 0, 0, 0, 0, 0, 0, 0, 0, 0, 0, 0, 0, 0, 0, 0, 0, 0, 0, 0, 0, 0, 0, 0, 0, 0, 0, 0, 0, 0, 0, 0, 0, 0, 0, 0, 0, 0, 0, 0, 0, 0, 0, 0, 0, 0, 0, 0, 0, 0, 0, 0, 0, 0, 0, 0, 0, 0, 0, 0, 0, 0, 0, 0, 0, 0, 0, 0, 0], "distance": [0.2195312762041195, 5.5318839547680305, 17.66222222222222, 27.431579150519198, 35.32888888888888, 49.66848725810023, 56.17333333333333, 72.20099025194315, 74.24, 92.36416666666666, 94.95983879909977, 113.83083333333333, 117.96824626070457, 132.23083333333332, 141.0449824284006, 150.83083333333332, 164.364384713963, 166.46416666666664, 185.13083333333333, 187.70403244330845, 203.86416666666665, 211.1008211814625, 222.53083333333333, 234.4705812517043, 241.26416666666665, 257.88702508008913, 259.9975, 278.7308333333333, 281.2750964088268, 296.66416666666663, 302.8756653324266, 311.99749999999995, 321.10983387471714, 325.99749999999995, 336.88869748134783, 338.19749999999993, 349.33083333333326, 350.8021996768525, 361.3863888888888, 363.55657854896924, 370.91972222222216, 375.136794417114, 379.7197222222222, 385.7752758689265, 387.9863888888888, 394.93141193990635, 397.31972222222214, 400.3251964943663, 402.91972222222216, 404.2941390086523, 404.5197222222222, 405.10090082481105, 405.1197222222222, 406.5197222222222, 407.2084860226987, 410.25305555555553, 411.7993107084519, 413.3197222222222, 415.4377546941712, 416.25305555555553, 419.036815300112, 419.1197222222222, 421.9080555555555, 422.5110545414057, 424.94138888888887, 425.7291851889962, 427.06305555555554, 428.8030563748174, 429.4630555555555, 431.72869967204235, 431.7963888888888, 434.0630555555555, 434.5218035036621, 435.9963888888888, 436.7876922940203, 437.59638888888884, 438.5782310057248, 438.92972222222215, 440.0337799172389, 440.0630555555555, 440.92972222222215, 441.09549711191573, 441.59638888888884, 441.805954424148, 441.9963888888888, 442.25277220486646, 442.32972222222213, 442.461262740085, 442.46305555555546, 442.4666159619794, 442.46305555555546], "rel_distance": [0.0004961573027345151, 0.012502476501280333, 0.039917959252090726, 0.06199744545016574, 0.07984596328507026, 0.11225454110679726, 0.12695598565354171, 0.16317970358290768, 0.16778801996651324, 0.2087500086322336, 0.21461642414386087, 0.25726630032513703, 0.2666171667430718, 0.29885169320476856, 0.31877233739053057, 0.34088910122439603, 0.3714759518341876, 0.3762216180007496, 0.4184096977337092, 0.4242253225133741, 0.46074844918000063, 0.47710383619804114, 0.5029365289129603, 0.5299212630471568, 0.5452752803592517, 0.5828441987236354, 0.5876140318055432, 0.6299527832518347, 0.6357030104031138, 0.6704834741381421, 0.6845219313330841, 0.7051379682045017, 0.7257325325648546, 0.7367790280042213, 0.761393958775499, 0.7643519515439771, 0.7895141276704207, 0.7928395269891769, 0.8167605958312903, 0.8216653887463858, 0.8383066508377661, 0.8478375532305025, 0.85819531699759, 0.8718813266444314, 0.8768786094507577, 0.8925748872841632, 0.8979726493172374, 0.9047652486866254, 0.9106290732371253, 0.9137353592177807, 0.9142451943570933, 0.9155587019941529, 0.9156012397770814, 0.9187653457570533, 0.9203220040855363, 0.9272029617036452, 0.9306976154006754, 0.9341338605169172, 0.9389207742385376, 0.9407634159035251, 0.9470549236567793, 0.947242299576801, 0.9535441439869118, 0.9549069673419442, 0.9603997069435177, 0.9621801862179243, 0.9651948342203086, 0.9691273677898675, 0.9706190159002605, 0.975739543112735, 0.9758925258668804, 0.9810153641201683, 0.9820521692100996, 0.9853848438067963, 0.9871732494040453, 0.9890009649267643, 0.9912200024362423, 0.9920143991934042, 0.9945096531612875, 0.9945758183200482, 0.9965345505933642, 0.9969092143932274, 0.9980412677266841, 0.9985149017004766, 0.9989452980066761, 0.9995247437089975, 0.999698656573336, 0.9999959481013208, 1.0, 1.0000080467880408, 1.0],