{"CornerNumber": [1, 2, 3, 4, 5, 6, 7, 8, 9, 10, 11, 12, 13, 14, 15, 16, 17, 18, 19, 20, 21, 22, 23], "X": [432.50665283203125, -158.56326293945312, -886.8078002929688, -1085.952392578125, -562.119873046875, -5310.61962890625, -8287.0322265625, -9517.107421875, -10948.638671875, -13236.0732421875, -12263.3623046875, -12136.92578125, -10760.1103515625, -9401.7421875, -7330.4462890625, -6383.16796875, -6205.32666015625, -4107.8115234375, -3841.136474609375, -2483.682373046875, -2290.99755859375, 587.6768798828125, 1185.111572265625], "Y": [3567.84912109375, 3644.214111328125, 4127.07666015625, 3089.476806640625, 325.75439453125, 517.8907470703125, 2196.8154296875, 485.0157775878906, 1708.481689453125, -1882.8096923828125, -2818.82958984375, -3601.125, -4945.19287109375, 111.70972442626953, -1331.593505859375, -1511.12158203125, -2313.67333984375, -2508.521728515625, -1671.2635498046875, -1749.171142578125, -2382.002197265625, -2658.6455078125, -1758.93994140625], "Angle": [59.01921173970659, -113.32500685958706, 120.9316017481458, -175.6376695355284, -54.26416676559614, -108.68102998117025, 88.3172391589591, 94.4327118521958, 98.34700640113064, 176.30877606776173, 50.77135768564244, -156.74618125380925, -79.79085895698665, -54.94238892515303, -111.87946601217061, 43.38343777770292, -135.03695384562002, -47.518273240576605, 126.46894877529128, 51.28198873829245, -137.2399803017606, -68.90250570254815, -13.407970612164258], "Distance": [425.3567508682902, 505.2236404000483, 570.5227908529938, 737.4600455960991, 1001.0198087010942, 1461.7646993391315, 1821.6251322621172, 2005.794079390384, 2209.05276340118, 2644.958058525761, 2785.2953402293588, 2918.524487225958, 3041.4058032089133, 3572.7226910817644, 3855.399503073607, 3931.54873484052, 4050.824871874947, 4224.171820893086, 4343.515772321531, 4448.547273114446, 4541.180948518427, 4824.03841967017, 4965.265529619597], "Rotation": 335.0}