{"CornerNumber": [1, 2, 3, 4, 5, 6, 7, 8, 9, 10, 11, 12, 13, 14, 15, 16, 17], "X": [11549.390625, 11579.570556640625, 11984.5009765625, 8811.018692016602, 9258.899475097656, 8180.223449707031, 8337.142669677734, 7521.6416015625, 7078.6907958984375, 5329.669921875, 4822.8515625, -443.9345703125, -791.74609375, -1373.6669921875, -1809.1650390625, -2390.3896484375, -1892.0537109375], "Y": [-620.4165039062495, -1334.7114257812495, -1769.0202636718745, -7835.0654296875, -8332.6875, -9021.7958984375, -5797.26025390625, -5024.2841796875, -4423.57568359375, -3929.69140625, -3047.8134765625, -1580.6708984375005, 76.99999999999955, -167.83337402343795, -107.8207397460942, 97.9679565429683, 1095.2366485595703], "Angle": [26.961070822263267, -161.45663106776647, 26.924666969078046, -166.07931388750785, -0.2925522266947098, -109.04601548928066, 25.060336529280704, -141.61977719510452, 50.280962176467256, -128.91348209261224, 34.93331843558475, -135.537659071418, 78.13896702277137, -83.4928059806544, 81.51269427768005, -157.50555604044234, -241.96179963456407], "Distance": [1208.815938234803, 1289.2100960374478, 1338.757754013665, 2034.7774413563288, 2112.799735844125, 2236.4549058522307, 2595.3512006862643, 2700.7130091021195, 2799.0666607086196, 2979.390412242182, 3103.966149945379, 3619.5356929191075, 3784.7517191674506, 3873.376654344632, 3899.374030355689, 3965.778914250319, 4097.49111675109]}