{"CornerNumber": [1, 2, 3, 4, 5, 6, 7, 8, 9, 10, 11, 12, 13, 14, 15, 16], "X": [-3728.05029296875, -4538.2138671875, -6846.68701171875, -5053.705078125, -5760.50341796875, -3511.338623046875, -2657.036865234375, -3287.30078125, -3938.748046875, 869.1649169921875, -326.2638854980469, -1556.8873291015625, -170.4140625, 883.0264892578125, 1272.7481689453125, 2294.98974609375], "Y": [-7258.6728515625, -7090.6689453125, -7532.82373046875, -3172.251708984375, -6343.96533203125, -5588.65185546875, -4195.921875, -3536.36962890625, -911.7788696289062, 1933.093017578125, 2196.596435546875, 2107.8310546875, 3724.0, 3076.24169921875, 3302.875244140625, 2150.14013671875], "Angle": [-73.41794043891761, 82.42771278043853, -123.521561320095, 61.7467050277611, -151.46745625270339, -48.17945942707677, 14.858653035638675, -147.35402042528645, 155.82114780117408, 13.736824281288472, -62.89936367674076, -152.42054014080594, 89.88820261257484, -89.01324193526675, 87.94871304181052, 1.037018361443222], "Distance": [829.6351673908141, 963.155469479755, 1192.4037847383659, 1741.0450336263577, 2097.9458299220105, 2385.067765188589, 2530.680655114205, 2682.347048172055, 2944.043739339108, 3453.2038744410092, 3643.8104122443447, 3741.7492792104044, 3998.7484932938914, 4099.64747585093, 4162.035248798758, 4348.990357163425]}