{"CornerNumber": [1, 2, 3, 4, 5, 6, 7, 8, 9, 10, 11, 12, 13, 14], "X": [3314.213623046875, 3856.566650390625, 740.00048828125, 746.3623046875, -724.0447387695312, -993.9166259765625, -1783.8714599609375, -1785.4404296875, -1140.2919921875, -711.50537109375, -374.8269958496094, 975.87255859375, 2586.933349609375, 2435.436279296875], "Y": [-1317.8548583984375, -2073.48876953125, -608.991943359375, -42.99305725097656, 1618.9674072265625, 3790.888671875, 4016.30078125, 10539.7060546875, 10976.314453125, 16759.564453125, 15840.400390625, 12421.1728515625, 5440.8330078125, 5153.82958984375], "Angle": [-165.7042232224879, -22.292628506519133, -158.88211146259871, 10.981968146091017, 29.69970797495177, 27.68189480956655, -117.80501466388415, 118.5937331062827, -28.30519809467008, 97.79649538436189, 9.36772122115067, -161.17004277640703, -21.168127295710576, 157.077799192522], "Distance": [240.54279563419448, 318.10281429492835, 714.0740701474509, 800.9903033004998, 1000.7196103311669, 1209.862062440633, 1297.0579936103948, 2011.5113339990464, 2054.0896431138135, 2667.960119365827, 2767.9083589707175, 3141.8959864512553, 3871.262622417221, 3910.9992371599633], "Rotation": 62.0}