{"tel": {"time": [0.0, 0.147, 0.203, 0.387, 0.503, 0.626, 0.803, 0.866, 1.103, 1.106, 1.346, 1.403, 1.586, 1.703, 1.787, 2.003, 2.027, 2.267, 2.303, 2.507, 2.603, 2.747, 2.903, 2.987, 3.203, 3.227, 3.467, 3.503, 3.707, 3.803, 3.947, 4.103, 4.187, 4.304, 4.427, 4.604, 4.667, 4.904, 4.907, 5.147, 5.204, 5.387, 5.504, 5.627, 5.804, 5.867, 6.104, 6.107, 6.347, 6.404, 6.587, 6.704, 6.827, 7.004, 7.067, 7.303, 7.307, 7.546, 7.603, 7.786, 7.903, 8.026, 8.203, 8.266, 8.467, 8.503, 8.707, 8.803, 8.947, 9.103, 9.187], "rpm": [7697, 7595, 7603, 7612, 7635, 7659, 7627, 7596, 7591, 7587, 7773, 7664, 7555, 7382, 7209, 7115, 7021, 8189, 7904, 7619, 7594, 7569, 7414, 7260, 7540, 7821, 7764, 7803, 7843, 7840, 7837, 7900, 7964, 7975, 7986, 8039, 8092, 8119, 8146, 7928, 7870, 7812, 7042, 6272, 5593, 4915, 4732, 4550, 4256, 4271, 4287, 4184, 4082, 4059, 4036, 3890, 3745, 3572, 3541, 3511, 3518, 3525, 3487, 3449, 3402, 3329, 3256, 3343, 3430, 3434, 3439], "speed": [108, 107, 106, 105, 104, 104, 105, 106, 106, 106, 107, 107, 108, 105, 103, 101, 100, 91, 89, 87, 84, 82, 80, 79, 79, 79, 82, 82, 83, 83, 84, 84, 85, 85, 86, 86, 87, 87, 87, 87, 86, 85, 79, 73, 73, 73, 70, 67, 61, 59, 58, 53, 48, 27, 7, 7, 7, 16, 26, 37, 35, 34, 34, 34, 32, 29, 26, 15, 4, 2, 0], "gear": [3, 3, 3, 3, 3, 3, 3, 3, 3, 3, 3, 3, 3, 3, 3, 3, 3, 2, 2, 2, 2, 2, 2, 2, 2, 2, 2, 2, 2, 2, 2, 2, 2, 2, 2, 2, 2, 2, 2, 2, 2, 2, 2, 2, 2, 2, 2, 2, 1, 1, 1, 1, 1, 1, 1, 1, 1, 0, 0, 0, 0, 0, 0, 0, 0, 0, 0, 0, 0, 0, 0], "throttle": [3, 5, 5, 5, 8, 11, 11, 12, 13, 14, 21, 11, 2, 1, 1, 1, 1, 2, 2, 3, 4, 5, 5, 5, 11, 18, 16, 15, 15, 14, 14, 14, 14, 14, 14, 13, 13, 13, 14, 6, 5, 5, 2, 0, 0, 1, 1, 1, 0, 0, 0, 0, 0, 0, 0, 0, 0, 0, 0, 0, 0, 0, 0, 0, 0, 0, 0, 0, 0, 0, 0], "brake": [1, 1, 1, 0, 0, 0, 0, 0, 0, 0, 0, 0, 0, 0, 1, 1, 1, 1, 1, 1, 1, 0, 0, 0, 0, 0, 0, 0, 0, 0, 0, 0, 0, 0, 0, 0, 0, 0, 0, 0, 0, 0, 0, 1, 1, 1, 1, 1, 1, 1, 1, 1, 1, 1, 1, 1, 1, 1, 1, 1, 1, 1, 1, 1, 1, 1, 1, 1, 1, 1, 1], "drs": [0, 0, 0, 0, 0, 0, 0, 0, 0, 0, 0, 0, 0, 0, 0, 0, 0, 0, 0, 0, 0, 0, 0, 0, 0, 0, 0, 0, 0, 0, 0, 0, 0, 0, 0, 0, 0, 0, 0, 0, 0, 0, 0, 0, 0, 0, 0, 0, 0, 0, 0, 0, 0, 0, 0, 0, 0, 0, 0, 0, 0, 0, 0, 0, 0, 0, 0, 0, 0, 0, 0], "distance": [-0.06104277394310775, 4.291666666666668, 5.936233546607626, 11.291666666666668, 14.636952484703752, 18.19611111111111, 23.404037984746893, 25.262777777777778, 32.24085905831513, 32.32944444444445, 39.46277777777778, 41.1778707401814, 46.66277777777778, 50.03235784329148, 52.41361111111111, 58.43925740507408, 59.08027777777778, 65.14694444444444, 66.0315596714253, 70.94694444444445, 73.1705036622491, 76.41361111111112, 79.84646154091593, 81.68027777777779, 86.41186293578906, 86.94694444444445, 92.41361111111112, 93.24076852904612, 97.94694444444445, 100.17857427222904, 103.54694444444446, 107.22287351175547, 109.21361111111113, 111.99958456590349, 114.94694444444445, 119.22267276550635, 120.74694444444447, 126.47445947200288, 126.54694444444448, 132.3469444444445, 133.72535759897525, 138.01361111111115, 140.44085956490323, 142.88027777777782, 146.49307566033642, 147.7469444444445, 152.1605193077624, 152.21361111111116, 156.28027777777783, 157.21538203130407, 160.14694444444447, 161.94792456885142, 163.34694444444446, 163.77713619616654, 163.81361111111113, 164.26895381474267, 164.2802777777778, 165.34250000000003, 165.830305548919, 167.8091666666667, 168.94491722689116, 170.07583333333338, 171.75508792094735, 172.34250000000006, 174.12916666666672, 174.43429102508463, 175.86250000000007, 176.10509422874327, 176.12916666666672, 176.130423457722, 176.12916666666672], "rel_distance": [-0.000346579587574114, 0.0243665870218353, 0.03370386437949965, 0.06411014643609092, 0.08310351295992285, 0.10331117472183449, 0.13287996774004054, 0.14343324422574968, 0.18305235679296988, 0.1835553137296649, 0.2240558933232397, 0.2337935931878482, 0.264934983006474, 0.28406628379716475, 0.2975862096157333, 0.33179772840050564, 0.33543721858169107, 0.36988163674071256, 0.3749041735738939, 0.4028120145410959, 0.41543660852451514, 0.43384984189318127, 0.4533403697527813, 0.46375213897628786, 0.4906164298121494, 0.49365443605939446, 0.5246922634114798, 0.5293885748378571, 0.5561086008532247, 0.5687790169462507, 0.5879034483846293, 0.6087740919973813, 0.6200768060056934, 0.6358945919381331, 0.652628673716417, 0.6769047683688939, 0.6855590515168003, 0.718077884915916, 0.7184894293171835, 0.7514198071175668, 0.7592459564182074, 0.7835931647386308, 0.7973742351866946, 0.81122440128378, 0.8317366080405177, 0.8388556378289292, 0.8639143770874349, 0.8642158138361209, 0.8873049293053551, 0.8926141252280041, 0.9092585145056105, 0.9194838517310763, 0.9274269988092702, 0.929869477586997, 0.9300765694368872, 0.9326618465505483, 0.9327261400645043, 0.9387570674930803, 0.9415266573239465, 0.9527619408104846, 0.9592103365062068, 0.9656312838589103, 0.9751655059266957, 0.9785006269073361, 0.9886446973102127, 0.9903770870341442, 0.9984859596413618, 0.9998633250904492, 1.0, 1.0000071356214253, 1.0], "acc_x": [-1.5421238738151755, -2.3137288120867825, -2.3011311804415278, -1.7763055942972221, -0.6960586807169762, 0.6928302081719078, 1.388888888888884, 1.080246913580245, 0.6896814509983252, 0.6927990467085136, 1.0786015158443172, 0.08027808953734916, -2.534779804680305, -4.155150175050676, -4.695273631840795, -5.899270482603812, -8.354987068755186, -8.740789537890993, -6.7767042404723625, -5.015432098765432, -4.706790123456787, -4.320987654320987, -2.7006172839506206, -1.4660493827160526, 0.7435465768799111, 2.058629776021084, 2.444432245156883, 1.7008856682769682, 1.080246913580241, 1.0030864197530853, 1.0802469135802495, 1.1551041090842105, 1.2322646029113722, 1.155104109084212, 1.080246913580246, 1.0030864197530804, 0.6944444444444373, 0.30864197530863907, -0.31175957101882745, -1.0833645092904318, -3.243858336450929, -7.561728395061725, -8.641975308641966, -6.4814814814814685, -2.777777777777774, -3.240740740740743, -6.670096021947872, -8.238246664172586, -7.080839256765182, -5.503335827409907, -6.867283950617285, -13.734567901234572, -27.7006172839506, -30.03607704694659, -22.011385688921894, -2.7641291731468827, 9.372798724650584, 17.474650576502455, 16.823073073073108, 9.722222222222246, 1.3117283950617327, -1.466049382716046, -1.010101010101006, -2.654889258264782, -4.969704073079595, -8.589232692608206, -15.123456790123498, -16.820987654321044, -14.043209876543276, -7.760141093474449, -3.747795414462089], "acc_y": [-20.616060398784384, -24.79096852625343, -29.638561424503067, -32.62660832327017, -37.47686816897191, -41.95443765458299, -41.3498770297046, -41.74254750366346, -40.84898532146436, -39.06682456087961, -36.92622187255425, -34.60559761480863, -33.644679020490784, -29.58332232516185, -26.351725431820604, -24.42589116087877, -20.691892236063456, -17.64221717789801, -12.586787689249126, -10.953238158923032, -8.73034273084514, -6.715333584253028, -5.7653577161825424, -4.546940621789739, -3.6011064553531793, -2.2360750746143245, -1.601786182675636, -0.7055942737650781, 0.04912447072386311, 0.16320442442157326, -0.28011799949515404, -0.6044807143639508, -0.4571880599788448, -0.10728149321706631, 0.41535854550066664, 0.29053385826535105, -0.2972944395222646, -0.6072310348235289, -0.5123630463482002, -0.3363734538624857, 0.21344783090225455, 0.5866336768447764, -0.18531328621996607, -0.859693901420544, -0.4440303759278119, -0.16616507466563196, -0.565923928943002, -0.6494922942981586, -0.41651422687654016, -0.8356439560596046, -1.3232372953506926, -0.7741513429333158, -0.45027191538547934, -0.6998704999485741, -0.6872200809418089, -0.6463560948061338, -0.7232129672837317, -0.6507773822592559, -0.6824690448714427, -0.6435503488936583, -0.7673759386163708, -0.9797023192677924, -0.9739597745516618, -0.9651028416731724, -0.7526618044593183, -5.00837968679218, -5.0343413499501235, -4.970051245748489, -5.014299604885791, -4.8913408936271825, -4.684095309414955],