{"tel": {"time": [0.0, 0.196, 0.252, 0.436, 0.552, 0.675, 0.852, 0.915, 1.152, 1.155, 1.395, 1.452, 1.635, 1.752, 1.836, 2.052, 2.076, 2.316, 2.352, 2.556, 2.652, 2.796, 2.952, 3.036, 3.252, 3.276, 3.516, 3.552, 3.756, 3.852, 3.996, 4.152, 4.236, 4.353, 4.476, 4.653, 4.716, 4.953, 4.956, 5.196, 5.253, 5.436, 5.553, 5.676, 5.853, 5.916, 6.153, 6.156, 6.396, 6.453, 6.636, 6.753, 6.876, 7.053, 7.116, 7.352, 7.356, 7.595, 7.652, 7.835, 7.952, 8.075, 8.252, 8.315, 8.516, 8.552, 8.756, 8.852, 8.996, 9.152, 9.236], "rpm": [7762.416666666667, 7595.0, 7598.966666666666, 7612.0, 7634.811709372597, 7659.0, 7612.5375168, 7596.0, 7587.1125024, 7587.0, 7773.0, 7721.225058133334, 7555.0, 7353.597060966228, 7209.0, 7039.8, 7021.0, 8189.0, 8103.5, 7619.0, 7599.0, 7569.0, 7368.15, 7260.0, 7764.9, 7821.0, 7764.0, 7775.85, 7843.0, 7840.6, 7837.0, 7919.55, 7964.0, 7974.724994133333, 7986.0, 8064.174971733333, 8092.0, 8145.3249856, 8146.0, 7928.0, 7900.450030933333, 7812.0, 7061.2504106666665, 6272.0, 5271.212861866667, 4915.0, 4554.5625973333335, 4550.0, 4256.0, 4263.362491733334, 4287.0, 4187.062554666667, 4082.0, 4048.075012266667, 4036.0, 3749.85, 3745.0, 3572.0, 3557.512516266667, 3511.0, 3517.824996266667, 3525.0, 3468.950020266667, 3449.0, 3402.0, 3380.1, 3256.0, 3325.6, 3430.0, 3435.85, 3439.0], "speed": [109.45, 107.0, 106.53333333333333, 105.0, 104.51464448143412, 104.0, 105.47499946666667, 106.0, 106.0, 106.0, 107.0, 107.23749973333334, 108.0, 105.08955290413624, 103.0, 100.3, 100.0, 91.0, 90.4, 87.0, 85.0, 82.0, 80.05, 79.0, 79.0, 79.0, 82.0, 82.15, 83.0, 83.4, 84.0, 84.65, 85.0, 85.48749973333334, 86.0, 86.73749973333334, 87.0, 87.0, 87.0, 87.0, 86.52500053333333, 85.0, 79.1500032, 73.0, 73.0, 73.0, 67.07500160000001, 67.0, 61.0, 60.2875008, 58.0, 53.12500266666667, 48.0, 17.762510933333335, 7.0, 7.0, 7.0, 16.0, 20.9874944, 37.0, 35.537500800000004, 34.0, 34.0, 34.0, 32.0, 31.1, 26.0, 17.2, 4.0, 1.4, 0.0], "gear": [3, 3, 3, 3, 3, 3, 3, 3, 3, 3, 3, 3, 3, 3, 3, 3, 3, 2, 2, 2, 2, 2, 2, 2, 2, 2, 2, 2, 2, 2, 2, 2, 2, 2, 2, 2, 2, 2, 2, 2, 2, 2, 2, 2, 2, 2, 2, 2, 1, 1, 1, 1, 1, 1, 1, 1, 1, 0, 0, 0, 0, 0, 0, 0, 0, 0, 0, 0, 0, 0, 0], "throttle": [2.55, 5.0, 5.0, 5.0, 7.912133111395317, 11.0, 11.737499733333333, 12.0, 13.974999466666667, 14.0, 21.0, 16.487505066666667, 2.0, 1.4179105808272496, 1.0, 1.0, 1.0, 2.0, 2.15, 3.0, 3.8, 5.0, 5.0, 5.0, 16.700000000000003, 18.0, 16.0, 15.85, 15.0, 14.6, 14.0, 14.0, 14.0, 14.0, 14.0, 13.262500266666667, 13.0, 13.987499733333333, 14.0, 6.0, 5.762500266666667, 5.0, 2.562501333333333, 0.0, 0.7374997333333333, 1.0, 1.0, 1.0, 0.0, 0.0, 0.0, 0.0, 0.0, 0.0, 0.0, 0.0, 0.0, 0.0, 0.0, 0.0, 0.0, 0.0, 0.0, 0.0, 0.0, 0.0, 0.0, 0.0, 0.0, 0.0, 0.0], "brake": [1, 1, 1, 0, 0, 0, 0, 0, 0, 0, 0, 0, 0, 0, 1, 1, 1, 1, 1, 1, 1, 0, 0, 0, 0, 0, 0, 0, 0, 0, 0, 0, 0, 0, 0, 0, 0, 0, 0, 0, 0, 0, 0, 1, 1, 1, 1, 1, 1, 1, 1, 1, 1, 1, 1, 1, 1, 1, 1, 1, 1, 1, 1, 1, 1, 1, 1, 1, 1, 1, 1], "drs": [0, 0, 0, 0, 0, 0, 0, 0, 0, 0, 0, 0, 0, 0, 0, 0, 0, 0, 0, 0, 0, 0, 0, 0, 0, 0, 0, 0, 0, 0, 0, 0, 0, 0, 0, 0, 0, 0, 0, 0, 0, 0, 0, 0, 0, 0, 0, 0, 0, 0, 0, 0, 0, 0, 0, 0, 0, 0, 0, 0, 0, 0, 0, 0, 0, 0, 0, 0, 0, 0, 0], "distance": [-0.026283844769062287, 5.788888888888888, 7.4334557688298455, 12.788888888888888, 16.13417470692597, 19.693333333333335, 24.90126020696912, 26.76, 33.73808128053735, 33.82666666666667, 40.96, 42.67509296240362, 48.16, 51.5295800655137, 53.91083333333333, 59.93647962729629, 60.57749999999999, 66.64416666666665, 67.5287818936475, 72.44416666666666, 74.66772588447131, 77.91083333333333, 81.34368376313815, 83.1775, 87.90908515801128, 88.44416666666666, 93.91083333333333, 94.73799075126831, 99.44416666666666, 101.67579649445126, 105.04416666666667, 108.72009573397766, 110.71083333333333, 113.49680678812568, 116.44416666666666, 120.71989498772854, 122.24416666666667, 127.97168169422508, 128.04416666666668, 133.84416666666667, 135.2225798211974, 139.51083333333332, 141.93808178712538, 144.3775, 147.9902978825586, 149.24416666666667, 153.65774152998455, 153.7108333333333, 157.77749999999997, 158.71260425352625, 161.64416666666665, 163.44514679107357, 164.84416666666664, 165.27435841838872, 165.3108333333333, 165.76617603696485, 165.77749999999997, 166.8397222222222, 167.32752777114115, 169.30638888888888, 170.44213944911334, 171.57305555555553, 173.2523101431695, 173.8397222222222, 175.62638888888887, 175.93151324730678, 177.35972222222222, 177.60231645096542, 177.6263888888889, 177.62764567994418, 177.6263888888889], "rel_distance": [-0.00014797263477277797, 0.0325902526370112, 0.04184882559020955, 0.07199881148790767, 0.09083208192121964, 0.1108694122338554, 0.14018896833254701, 0.15065329069285563, 0.18993845166576923, 0.19043716915185588, 0.2305963672189599, 0.24025198749662294, 0.27113088489416765, 0.2901009269391111, 0.3035068925882196, 0.3374300406725518, 0.3410388533985972, 0.37519293773604073, 0.38017313934073704, 0.4078457436410693, 0.42036392425439895, 0.4386219515055789, 0.4579481926754772, 0.46827220054577723, 0.4949100508539937, 0.4979224495859755, 0.5286986574504852, 0.5333553834195774, 0.5598501849230986, 0.5724138014090507, 0.5913770320038158, 0.6120717558582222, 0.6232791986926366, 0.6389636556712394, 0.6555566849895613, 0.6796281551568487, 0.6882094908945899, 0.7204542213278655, 0.7208622967996184, 0.7535151027046469, 0.7612752849791004, 0.7854172693934678, 0.799082178470184, 0.8128156007850434, 0.833154909066644, 0.8402139321766191, 0.8650614499971763, 0.865360345919572, 0.8882548420139023, 0.893519286443447, 0.9100233792839213, 0.9201625266013479, 0.9280387204729025, 0.9304606114678895, 0.9306659577296289, 0.9332294434058275, 0.9332931949863554, 0.9392732874088089, 0.9420195322205756, 0.9531601129086487, 0.959554154736155, 0.965920979584177, 0.9753748371901231, 0.9786818462597054, 0.9887404117568865, 0.9904581990762515, 0.9984987215675848, 0.9998644771304869, 1.0, 1.000007075474895, 1.0], "acc_x": [-2.2290809327846413, -3.0006858710562483, -2.466330578432545, -1.7820737584636472, -0.7140629605523632, 0.6805940925029459, 1.2300479995573663, 0.9336421399176893, 0.5430766773357694, 0.7668418616896004, 1.152644330825404, 0.10865830291439849, -2.58044240628434, -4.444501944597997, -4.938962799784079, -5.897448988369771, -7.6398038354560125, -8.025606304591818, -6.430488459473971, -5.1388888888888875, -5.123456790123454, -4.614197530864198, -3.009259259259264, -1.4814814814814852, 0.7281144781144786, 2.108951837212712, 2.494754306348511, 1.8283682232957585, 1.1574074074074039, 1.157407407407406, 1.1574074074074083, 1.1574072845648333, 1.1574072845648353, 1.157407284564833, 1.1574074074074032, 0.8526235390946414, 0.4668210699588396, 0.08101860082304135, -0.14808562996217373, -0.9196905682337753, -3.195924313089742, -7.677468312757192, -8.804012510288057, -6.527778765432091, -3.726852345679009, -4.143518024691364, -6.458333449169343, -6.722316110349041, -5.564908702941623, -5.4607408504801045, -7.226079670781887, -16.98302156378601, -30.59027522633749, -30.065122742750226, -19.150773442338696, 0.0964830734363864, 7.804822748674603, 15.906674600526445, 16.968062035368693, 11.435187160493822, 2.8587980246913602, -1.6319446913580264, -1.175996318742987, -1.8344485644063708, -4.149263379221184, -7.7379278012189285, -15.09259259259257, -17.654320987654316, -14.907407407407414, -7.962962962962953, -3.086419753086392],