{"tel": {"time": [0.0, 0.098, 0.147, 0.338, 0.447, 0.578, 0.747, 0.818, 1.047, 1.058, 1.298, 1.347, 1.538, 1.589], "rpm": [10902, 10893, 10903, 10913, 10919, 10926, 10924, 10923, 10924, 10925, 10955, 10930, 10905, 10900], "speed": [304, 305, 304, 304, 304, 304, 305, 307, 307, 307, 306, 306, 306, 305], "gear": [8, 8, 8, 8, 8, 8, 8, 8, 8, 8, 8, 8, 8, 8], "throttle": [0, 0, 0, 0, 0, 0, 0, 0, 0, 0, 0, 0, 0, 0], "brake": [0.04809652214991114, 8.34222222222222, 12.4848440009131, 28.60888888888889, 37.799875750561995, 48.87555555555555, 63.27934696890245, 69.34222222222222, 88.87243376007223, 89.80888888888889, 110.20888888888888, 114.37436535112302, 130.60888888888888, 134.93652594169114], "drs": [0, 0, 0, 0, 0, 0, 0, 0, 0, 0, 0, 0, 0, 0], "distance": [0.04809652214991114, 8.34222222222222, 12.4848440009131, 28.60888888888889, 37.799875750561995, 48.87555555555555, 63.27934696890245, 69.34222222222222, 88.87243376007223, 89.80888888888889, 110.20888888888888, 114.37436535112302, 130.60888888888888, 134.93652594169114], "rel_distance": [0.00031864193756934956, 0.0552676520817384, 0.08271273482732017, 0.18953536305282376, 0.2504261246062201, 0.323803074023909, 0.4192289343384681, 0.45939579530063007, 0.5887844530951135, 0.5949885165773511, 0.7301395677521936, 0.7577360639539098, 0.8652906189270361, 0.8939614373971058], "acc_x": [0.9448223733937804, 0.5590199042579868, -0.38580246913579364, -0.38580246913579364, 0.30864197530863496, 1.4660493827160357, 2.0833333333333215, 1.7746913580246866, 0.24838915941174616, -0.6892843849515276, -0.6892843849515276, -0.7030036127236541, -2.1981550502050258, -2.1981550502050258], "acc_y": [1.9562356591984835, 2.002985567060171, 2.0671040466115436, 2.0435545144055367, 2.222736643605246, 2.0655850813566325, 0.7094877335985184, 0.4013918223094851, 1.0503919159637567, 2.8892832790443936, 2.842533371182706, 2.7784148916313334, 2.8019644238373402, 2.6227822946376307], "acc_z": [-6.630654860387276, -7.138005305704561, -8.511974337173859, -8.858906292418501, -8.435339983725708, -8.01919560804962, -5.577373937856318, -5.450039453513689, -7.832615722491168, -17.104058319768455, -16.59670787445117, -15.22273884298187, -14.875806887737228, -15.299373196430022], "x": [-4173, -4153, -4143, -4105, -4084, -4058, -4022, -4004, -3947, -3944, -3899, -3890, -3846, -3832], "y": [-2020, -2103, -2142, -2284, -2364, -2460, -2597, -2661, -2877, -2885, -3053, -3090, -3252, -3301], "z": [7766, 7770, 7772, 7777, 7780, 7783, 7788, 7789, 7795, 7795, 7800, 7801, 7804, 7804], "dataKey": "RAI - Lap 39 - 2019 - Practice 2 - [nan]"}}