{"tel": {"time": [0.0, 0.098, 0.147, 0.338, 0.447, 0.578, 0.747, 0.818, 1.047, 1.058, 1.298, 1.347, 1.538, 1.589], "rpm": [10900.7583232, 10893.0, 10897.083328, 10913.0, 10918.9041632, 10926.0, 10923.8875008, 10923.0, 10924.9083328, 10925.0, 10955.0, 10944.79168, 10905.0, 10901.387495466666], "speed": [304.5916672, 305.0, 304.7958336, 304.0, 304.0, 304.0, 306.1124992, 307.0, 307.0, 307.0, 306.0, 306.0, 306.0, 305.78749973333333], "gear": [8, 8, 8, 8, 8, 8, 8, 8, 8, 8, 8, 8, 8, 8], "throttle": [100.0, 100.0, 100.0, 100.0, 100.0, 100.0, 100.0, 100.0, 100.0, 100.0, 100.0, 100.0, 100.0, 100.0], "brake": [0, 0, 0, 0, 0, 0, 0, 0, 0, 0, 0, 0, 0, 0], "drs": [0, 0, 0, 0, 0, 0, 0, 0, 0, 0, 0, 0, 0, 0], "distance": [0.04811537781667585, 8.34222222222222, 12.4848440009131, 28.60888888888889, 37.799875750561995, 48.87555555555555, 63.27934696890245, 69.34222222222222, 88.87243376007223, 89.80888888888889, 110.20888888888888, 114.37436535112302, 130.60888888888888, 134.93652594169114], "rel_distance": [0.0003187668573332546, 0.0552676520817384, 0.08271273482732017, 0.18953536305282376, 0.2504261246062201, 0.323803074023909, 0.4192289343384681, 0.45939579530063007, 0.5887844530951135, 0.5949885165773511, 0.7301395677521936, 0.7577360639539098, 0.8652906189270361, 0.8939614373971058], "acc_x": [0.5144026203073171, 0.12860015117152346, -0.5028294683799529, -0.6314301234567822, 0.40637827160493445, 1.8094133333333238, 2.0833333333333215, 1.4313274074073985, -0.09497479120554198, -0.6892843849515276, -0.6892843849515276, -0.40169517480914446, -0.46710853434323324, -0.46710853434323324], "acc_y": [-0.19183878468880716, -0.15506448174939538, -0.09047739990381622, -0.05488352708010015, -0.06879522978293776, -0.08195740612597335, 0.061603292445093064, 0.2012928510805834, 0.253791901940739, 0.3283822241209757, 0.2916079211815639, 0.22702083933598474, 0.19142696651226868, 0.2053386692151063], "acc_z": [2.108867029624247, 1.388803395904638, 0.004792874917497025, -0.7571918229420428, -0.1956619154044701, 0.34052449806273366, -1.7453847255424786, -3.982524513657464, -4.948327046079875, -6.685799120360855, -5.965735486641247, -4.5817249656541055, -3.8197402677945655, -4.381270175332139], "x": [-4175.0019437052, -4153.383780869593, -4143.0, -4105.100616028493, -4084.0, -4058.2813407858675, -4022.0, -4004.6690131231417, -3947.0, -3944.6024132682483, -3899.758489658124, -3890.0, -3846.158813463365, -3832.8896309861175], "y": [-2022.5730890661962, -2103.168353783133, -2142.0, -2284.4861261062915, -2364.0, -2460.8310023210443, -2597.0, -2661.803333505477, -2877.0, -2885.9552734276112, -3053.617296417764, -3090.0, -3252.942792534989, -3302.1404730174418], "z": [7768.427641722035, 7770.778628629084, 7772.0, 7777.04110850259, 7780.0, 7783.556984192883, 7788.0, 7789.756598334783, 7795.0, 7795.2372967980455, 7800.087929468594, 7801.0, 7804.299481860662, 7805.111640708517], "dataKey": "2019-Brazilian Grand Prix-Practice 2-RAI-39"}}