{"tel": {"time": [0.0, 0.02, 0.206, 0.26, 0.5, 0.506, 0.74, 0.806, 0.98, 1.106, 1.22, 1.406, 1.46, 1.706, 1.819, 2.006, 2.059, 2.299, 2.306, 2.539, 2.606, 2.779, 2.906], "rpm": [10960, 10977, 10963, 10949, 10957, 10945, 10933, 10932, 10932, 10916, 10901, 10900, 10899, 10865, 10831, 10820, 10810, 10639, 10303, 9968, 9585, 9202, 9140], "speed": [306, 307, 306, 306, 306, 306, 306, 304, 303, 303, 304, 304, 305, 304, 303, 302, 301, 296, 297, 298, 273, 248, 245], "gear": [8, 8, 8, 8, 8, 8, 8, 8, 8, 8, 8, 8, 8, 8, 8, 8, 8, 8, 8, 8, 8, 8, 8], "throttle": [0, 0, 0, 0, 0, 0, 0, 0, 0, 0, 0, 0, 0, 0, 0, 0, 0, 0, 0, 0, 0, 0, 0], "brake": [0.12522105943141137, 1.8277777777777793, 17.639648607975445, 22.22777777777778, 42.62777777777778, 43.13825060834306, 63.02777777777778, 68.59783215709423, 83.22777777777777, 93.85440032418019, 103.49444444444444, 119.25892976721984, 123.82777777777777, 144.55058934158313, 154.0436111111111, 169.7155437621017, 174.11027777777778, 193.8436111111111, 194.42876025358348, 213.71027777777778, 218.63557174622923, 230.24361111111108, 238.60158400665657], "drs": [0, 0, 0, 0, 0, 0, 0, 0, 0, 0, 0, 0, 0, 0, 0, 0, 0, 0, 0, 0, 0, 0, 0], "distance": [0.12522105943141137, 1.8277777777777793, 17.639648607975445, 22.22777777777778, 42.62777777777778, 43.13825060834306, 63.02777777777778, 68.59783215709423, 83.22777777777777, 93.85440032418019, 103.49444444444444, 119.25892976721984, 123.82777777777777, 144.55058934158313, 154.0436111111111, 169.7155437621017, 174.11027777777778, 193.8436111111111, 194.42876025358348, 213.71027777777778, 218.63557174622923, 230.24361111111108, 238.60158400665657], "rel_distance": [0.0005090764084179963, 0.007430687383754356, 0.07171260968305704, 0.09036528942979076, 0.17329989147582714, 0.17537517878260392, 0.2562344935218635, 0.27887911329261805, 0.33835601123411524, 0.3815577128017291, 0.4207485570576285, 0.48483783728826374, 0.5034121309924033, 0.587659098164913, 0.6262522345703131, 0.6899652491635578, 0.7078316960600418, 0.7880560169934626, 0.7904348949968218, 0.8688223941494065, 0.8888457909745666, 0.9360373657422725, 0.9700160498600974], "acc_x": [4.629629629629524, 4.243827160493731, -0.38580246913579364, -0.38580246913579364, 0.0, -0.6172839506172856, -1.7746913580246864, -2.0833333333333215, -1.080246913580242, 0.38580246913579397, 1.0802469135802226, 0.6944444444444289, -0.1300337012964652, -1.133120121049545, -1.9047250593211513, -3.2849829351535913, -4.1671741682220205, -2.6239642916788073, -8.135277652821525, -25.92592592592595, -35.33950617283951, -30.119325362107496, -10.82920190531736], "acc_y": [0.2330164887065822, 0.3562507407508323, 0.15949065929973946, 0.1728243541191205, 0.31833174547220217, 0.3541810756558359, 0.21927351664746142, -0.05696200442483976, -0.05773124089765133, -0.002207399864356016, -0.0796945925778571, 0.22813859778401088, 0.23326939414884518, -0.23771289007502563, -0.330374235992018, -0.11507598903849797, 0.1696141663018588, -0.06385694099191375, -0.9952630550963821, -1.041010114427131, -1.1520832233379061, -1.1705477145221217, -0.8450728216513326], "acc_z": [-0.9273839446782306, 1.9223619593426284, 1.8821264911868112, 0.40270441258179734, -1.1719259773888544, -1.7512381887067174, -1.0986554529860668, -0.5858000391196863, -0.760031766179568, -3.908362743299813, -6.932589647721767, -8.722560827647973, -7.988703331405208, -5.697106883188142, -5.372777694210822, -5.332313964388369, -4.5488949617162575, -4.2592409709720265, -4.307233197726367, -4.1327521973252725, -2.3025455492432494, -1.5569809668809995, -2.2739470251274154], "x": [-4209, -4205, -4164, -4151, -4095, -4094, -4044, -4032, -3999, -3975, -3951, -3910, -3897, -3843, -3818, -3778, -3766, -3709, -3708, -3650, -3636, -3608, -3597], "y": [-1894, -1910, -2064, -2110, -2320, -2326, -2509, -2558, -2680, -2771, -2859, -3013, -3058, -3265, -3356, -3507, -3551, -3761, -3768, -3986, -4039, -4140, -4183], "z": [7765, 7766, 7771, 7772, 7776, 7777, 7784, 7787, 7791, 7794, 7796, 7801, 7801, 7805, 7806, 7809, 7809, 7810, 7811, 7812, 7813, 7813, 7813], "dataKey": "MAG - Lap 6 - 2019 - Race - [nan]"}}