{"tel": {"time": [0.0, 0.037, 0.151, 0.337, 0.391, 0.631, 0.637, 0.871, 0.937, 1.111, 1.237, 1.351, 1.537, 1.591, 1.837, 1.95, 2.137, 2.19, 2.43, 2.437, 2.67, 2.737, 2.906], "rpm": [10936.104149333332, 10946.124965333333, 10977.0, 10955.300014933333, 10949.0, 10957.0, 10956.4000128, 10933.0, 10932.725000533334, 10932.0, 10915.725016533333, 10901.0, 10899.450001066667, 10899.0, 10852.403932273393, 10831.0, 10814.6375168, 10810.0, 10639.0, 10619.429703466667, 9968.0, 9754.158946133333, 9214.767483733332], "speed": [305.7416661333333, 306.0499989333333, 307.0, 306.22500053333334, 306.0, 306.0, 306.0, 306.0, 305.1750016, 303.0, 303.52499946666666, 304.0, 304.77499946666666, 305.0, 303.6295274198057, 303.0, 301.4416682666667, 301.0, 296.0, 296.0583317333333, 298.0, 284.04170666666664, 248.83338666666666], "gear": [8, 8, 8, 8, 8, 8, 8, 8, 8, 8, 8, 8, 8, 8, 8, 8, 8, 8, 8, 8, 8, 8, 8], "throttle": [100.0, 100.0, 100.0, 100.0, 100.0, 100.0, 100.0, 100.0, 100.0, 100.0, 100.0, 100.0, 100.0, 100.0, 100.0, 100.0, 100.0, 100.0, 100.0, 97.08341333333334, 0.0, 0.0, 0.0], "brake": [0, 0, 0, 0, 0, 0, 0, 0, 0, 0, 0, 0, 0, 0, 0, 0, 0, 1, 1, 1, 1, 1, 1], "drs": [0, 0, 0, 0, 0, 0, 0, 0, 0, 0, 0, 0, 0, 0, 0, 0, 0, 0, 0, 0, 0, 0, 0], "distance": [0.05838364491029391, 3.2142958152454812, 12.92638888888889, 28.7382597233733, 33.32638888888889, 53.72638888888889, 54.23686172362957, 74.1263888888889, 79.69644290913897, 94.3263888888889, 104.95301641457955, 114.59305555555557, 130.3575123245247, 134.9263888888889, 155.6495487440573, 165.14222222222224, 180.81314549551252, 185.2088888888889, 204.94222222222226, 205.5262073582936, 224.8088888888889, 229.8211562741131, 241.0989573147246], "rel_distance": [0.0002419122703549775, 0.013318414762443985, 0.053560412139516046, 0.11907680081321116, 0.13808768553644435, 0.22261495893337263, 0.2247300999561094, 0.3071422323303009, 0.33022171659526844, 0.3908408069684358, 0.43487217217193475, 0.4748156145261685, 0.5401355433136543, 0.5590666550034991, 0.6449329392547768, 0.6842657728997091, 0.7491981462283215, 0.7674118816986484, 0.8491768258995986, 0.8515965646866792, 0.9314942359397445, 0.9522625347441246, 0.9989920333654935], "acc_x": [1.5432088689129886, 1.5972217084191742, 0.4398156356798496, -0.40265147560256287, -0.4566643151087485, -0.07086184597295486, -0.25462913580248087, -1.4120365432098816, -1.921296460905341, -1.2808648559670663, 0.2623450205761284, 1.1574074074073812, 0.41806418306759663, -0.48357445650045616, -1.5446420963581753, -1.9627062794257912, -3.166522576022575, -4.3437346382691295, -2.8005247617259146, -4.789707191816204, -22.227332490758137, -42.28905358068434, -38.58021868356501], "acc_y": [-0.1353110144517507, -0.13309139658920432, -0.13178480788570968, -0.1301431448192084, -0.11670617769381403, -0.083708796468277, 0.028859496574343606, 0.07307157114615707, -0.014833996218022533, -0.07304276193900955, -0.008805841451516666, 0.06841077572352466, 0.0537742688353382, 0.01098607902597238, -0.11105386879387717, -0.23092273260760254, -0.18117939518928872, -0.009081112687409132, 0.06470423279266563, -0.001752305557373636, -0.08027551143590958, -0.06728066761422438, -0.037929444930252944], "acc_z": [-2.1489590145799027, 0.7076194882785076, 3.6297007795151126, 2.940260456332359, 1.4493799386604407, 0.7271694392352245, 0.5260514784200214, 0.4318845123870191, -0.5491603494781714, -1.326105900687321, -4.134809077911842, -7.1354619743259216, -7.720203202074007, -7.19011528115621, -6.504771422627304, -5.856084812546967, -5.323390973955771, -3.499437026728665, -2.311326777211087, -2.359202102844975, -2.2806304976675005, -1.0064489467366615, -0.04565634998253976], "x": [-4237.299439705635, -4229.0, -4204.189183346388, -4164.0, -4151.6564997409405, -4095.3430086120143, -4094.0, -4044.9398902497664, -4032.0, -3999.3876838875235, -3975.0, -3951.178354871385, -3910.0, -3897.9236932282824, -3843.0, -3818.523412271501, -3778.0, -3766.115174875688, -3709.7198884699455, -3708.0, -3650.016967143896, -3636.0, -3609.274880198402], "y": [-1790.2391253115597, -1821.0, -1913.414713322475, -2064.0, -2110.224374615932, -2320.974419734681, -2326.0, -2509.5831766073184, -2558.0, -2680.004218882388, -2771.0, -2859.6036690314495, -3013.0, -3058.2900931412937, -3265.0, -3356.3997538388985, -3507.0, -3551.199746863966, -3761.552189995879, -3768.0, -3986.2897733247823, -4039.0, -4138.901801750825], "z": [7763.056565863017, 7764.0, 7766.826486658247, 7771.0, 7772.0491941920845, 7776.837480703924, 7777.0, 7784.931573683204, 7787.0, 7791.228386367587, 7794.0, 7796.757375328998, 7801.0, 7801.9218731624105, 7805.0, 7806.559964159109, 7809.0, 7809.489266044391, 7810.956074179928, 7811.0, 7812.606849812879, 7813.0, 7813.715792316807], "dataKey": "2019-Brazilian Grand Prix-Race-MAG-6"}}