{"tel": {"time": [0.0, 0.02, 0.206, 0.26, 0.5, 0.506, 0.74, 0.806, 0.98, 1.106, 1.22, 1.406, 1.46, 1.706, 1.819, 2.006, 2.059, 2.299, 2.306, 2.539, 2.606, 2.779, 2.906], "rpm": [10960, 10977, 10963, 10949, 10957, 10945, 10933, 10932, 10932, 10916, 10901, 10900, 10899, 10865, 10831, 10820, 10810, 10639, 10303, 9968, 9585, 9202, 9140], "speed": [306, 307, 306, 306, 306, 306, 306, 304, 303, 303, 304, 304, 305, 304, 303, 302, 301, 296, 297, 298, 273, 248, 245], "gear": [8, 8, 8, 8, 8, 8, 8, 8, 8, 8, 8, 8, 8, 8, 8, 8, 8, 8, 8, 8, 8, 8, 8], "throttle": [100, 100, 100, 100, 100, 100, 100, 100, 100, 100, 100, 100, 100, 100, 100, 100, 100, 100, 50, 0, 0, 0, 0], "brake": [0, 0, 0, 0, 0, 0, 0, 0, 0, 0, 0, 0, 0, 0, 0, 0, 1, 1, 1, 1, 1, 1, 1], "drs": [0, 0, 0, 0, 0, 0, 0, 0, 0, 0, 0, 0, 0, 0, 0, 0, 0, 0, 0, 0, 0, 0, 0], "distance": [0.12522105943141137, 1.8277777777777793, 17.639648607975445, 22.22777777777778, 42.62777777777778, 43.13825060834306, 63.02777777777778, 68.59783215709423, 83.22777777777777, 93.85440032418019, 103.49444444444444, 119.25892976721984, 123.82777777777777, 144.55058934158313, 154.0436111111111, 169.7155437621017, 174.11027777777778, 193.8436111111111, 194.42876025358348, 213.71027777777778, 218.63557174622923, 230.24361111111108, 238.60158400665657], "rel_distance": [0.0005090764084179963, 0.007430687383754356, 0.07171260968305704, 0.09036528942979076, 0.17329989147582714, 0.17537517878260392, 0.2562344935218635, 0.27887911329261805, 0.33835601123411524, 0.3815577128017291, 0.4207485570576285, 0.48483783728826374, 0.5034121309924033, 0.587659098164913, 0.6262522345703131, 0.6899652491635578, 0.7078316960600418, 0.7880560169934626, 0.7904348949968218, 0.8688223941494065, 0.8888457909745666, 0.9360373657422725, 0.9700160498600974], "acc_x": [4.629629629629524, 4.243827160493731, -0.38580246913579364, -0.38580246913579364, 0.0, -0.6172839506172856, -1.7746913580246864, -2.0833333333333215, -1.080246913580242, 0.38580246913579397, 1.0802469135802226, 0.6944444444444289, -0.1300337012964652, -1.133120121049545, -1.9047250593211513, -3.2849829351535913, -4.1671741682220205, -2.6239642916788073, -8.135277652821525, -25.92592592592595, -35.33950617283951, -30.119325362107496, -10.82920190531736], "acc_y": [-0.015885254655444984, -0.012793930456795295, -0.010846899688899814, 0.0024867951304812282, 0.03527560496462604, 0.0711249351482598, 0.06184528970359539, -0.027955665847254216, -0.07105052693035604, -0.006435033721774064, 0.06899405755632015, 0.05400400128914943, 0.011317492461874828, -0.11050878843219639, -0.23078780983823383, -0.18008085633265258, 0.03684034822654006, 0.2161892159978263, 0.33945257355281516, 0.26093215807607123, 0.2739751835753465, 0.30332799758324, 0.39236546864316646], "acc_z": [1.699324553754972, 4.6070332280066255, 3.9142511440585617, 2.434829065453548, 1.7147719949509206, 1.1354597836330576, 0.8253712230941876, -0.4110422979977968, -1.316889643901523, -4.127819645073014, -7.114105339608084, -7.700229274767752, -7.181637452632117, -6.498444882997267, -5.851338535919026, -5.3188478679069515, -3.5442985144853227, -2.444086860140743, -2.649574103877064, -2.570997083593649, -1.292091064485916, -0.3312608080165381, -0.2943963071487603], "x": [-4209.412837643669, -4205.153864659187, -4164.0, -4151.53016258573, -4095.3396864024535, -4094.0, -4044.947885053729, -4032.0, -3999.3845002805683, -3975.0, -3951.1791908177024, -3910.0, -3897.9235837505726, -3843.0, -3818.5234369125237, -3778.0, -3766.1151716918457, -3709.7198883701485, -3708.0, -3650.016967370378, -3636.0, -3608.792388449536, -3597.0646680309555], "y": [-1894.1853265793582, -1910.1034735371825, -2064.0, -2110.658023126728, -2320.9858231197427, -2326.0, -2509.5557346815676, -2558.0, -2680.015146518147, -2771.0, -2859.6007996706912, -3013.0, -3058.290468920264, -3265.0, -3356.3996692593264, -3507.0, -3551.1997577924144, -3761.552190338428, -3768.0, -3986.2897725473886, -4039.0, -4140.6916606906825, -4183.766816886578], "z": [7766.417205939183, 7766.905284110526, 7771.0, 7772.038874674304, 7776.837209337985, 7777.0, 7784.9322267177085, 7787.0, 7791.228126323035, 7794.0, 7796.75744361107, 7801.0, 7801.921864220013, 7805.0, 7806.559966171847, 7809.0, 7809.489265784326, 7810.956074171774, 7811.0, 7812.606849831378, 7813.0, 7813.727934363307, 7813.998752266987], "dataKey": "2019-Brazilian Grand Prix-Race-MAG-6"}}