{"tel": {"time": [0.0, 0.03, 0.162, 0.329, 0.363, 0.603, 0.629, 0.83, 0.843, 1.083, 1.13, 1.323, 1.43, 1.563, 1.73, 1.803, 2.03, 2.043, 2.283, 2.33, 2.523, 2.63, 2.763, 2.93, 3.003, 3.23, 3.243, 3.483, 3.53, 3.762, 3.83, 4.002, 4.13, 4.242, 4.43, 4.482], "rpm": [11383, 11401, 11436, 11517, 11599, 11589, 11656, 11723, 11790, 11894, 11523, 11153, 10450, 9748, 9747, 9746, 9639, 9533, 9673, 9389, 9106, 9019, 8933, 9164, 9396, 8955, 8515, 8263, 8437, 8612, 7772, 6932, 6092, 5252, 4437, 3622], "speed": [279, 280, 281, 283, 285, 288, 289, 290, 291, 295, 288, 281, 268, 256, 238, 220, 206, 193, 159, 151, 143, 136, 130, 125, 120, 111, 103, 87, 83, 80, 71, 62, 53, 45, 22, 0], "gear": [7, 7, 7, 7, 7, 7, 7, 7, 7, 7, 7, 7, 7, 7, 7, 7, 7, 7, 7, 7, 5, 5, 4, 4, 3, 3, 2, 2, 2, 1, 1, 1, 1, 1, 1, 1], "throttle": [100, 100, 100, 100, 100, 100, 100, 100, 100, 87, 43, 0, 0, 1, 1, 2, 3, 5, 7, 7, 7, 4, 1, 0, 0, 0, 0, 0, 0, 0, 0, 0, 0, 1, 2, 4], "brake": [0, 0, 0, 0, 0, 0, 0, 0, 0, 1, 1, 1, 1, 1, 1, 1, 1, 1, 1, 1, 1, 1, 1, 1, 1, 1, 1, 1, 1, 1, 1, 1, 1, 1, 1, 1], "drs": [1, 1, 1, 1, 1, 1, 1, 1, 1, 1, 1, 0, 0, 0, 0, 0, 0, 0, 0, 0, 0, 0, 0, 0, 0, 0, 0, 0, 0, 0, 0, 0, 0, 0, 0, 0], "distance": [0.010280628030332695, 2.347626166495294, 12.687777777777779, 25.896630182437033, 28.600277777777777, 47.80027777777778, 49.889990198863075, 66.13886161535575, 67.20027777777779, 86.86694444444444, 90.63233385541079, 105.60027777777778, 113.46693976043996, 122.66694444444444, 133.07712065185683, 137.3336111111111, 149.56317362353423, 150.20027777777779, 160.80027777777778, 162.73492800907582, 170.3336111111111, 174.29002879149579, 179.00027777777777, 184.6700725567614, 187.00027777777777, 193.52577500019845, 193.8669444444444, 199.66694444444443, 200.7598494716377, 205.8669444444444, 207.14958650479593, 210.00027777777774, 211.90257447588107, 213.00027777777774, 213.06299119864863, 213.00027777777774], "rel_distance": [4.822051892937676e-05, 0.011011365421119496, 0.05951107526699597, 0.12146621220367042, 0.13414746958063692, 0.2242036374249044, 0.2340052776613371, 0.3102193970136072, 0.315197890350883, 0.40744292338580973, 0.42510420155211254, 0.49531022603941793, 0.5322082172834148, 0.5753601530121001, 0.6241883080028882, 0.6441530590042489, 0.7015149097480373, 0.7045031992609976, 0.7542217085916869, 0.7632960411932352, 0.7989370974865836, 0.8174943795015186, 0.8395874510273987, 0.8661812005200392, 0.8771108542958436, 0.9077182122713443, 0.9093184421012586, 0.936522909470881, 0.9416490989795664, 0.9656035470039257, 0.9716196839138805, 0.9849906386926222, 0.9939132194600173, 0.9990619149182889, 0.9993560675409993, 0.9990619149182889], "acc_x": [4.229538180155398, 5.158560848308511, 3.914779753781223, 4.461307176941963, 4.924654322211281, 3.897809430987839, 3.073514913399106, 3.5110382342176307, 1.7273776453566578, -4.539208255185628, -12.541940895599424, -21.219135802469133, -25.07716049382715, -32.793209876543216, -33.024691358024704, -34.18209876543211, -37.49420533840823, -41.16779762988669, -36.92397046939287, -24.352604637157476, -15.817901234567902, -13.04012345679013, -12.268518518518512, -11.574074074074064, -14.737654320987653, -19.66311667398625, -21.79457449650098, -17.559044163300385, -12.479260822647479, -12.971259790256205, -16.203703703703706, -19.058641975308646, -21.682098765432098, -33.48765432098763, -66.10280151946779, -56.53490028489989], "acc_y": [-4.849436238047037, -4.971928203565106, -5.218474645127506, -7.132952333533583, -8.762723083386335, -10.287260981324511, -11.646552150439454, -12.334006294033827, -12.630378690626117, -13.072247731943675, -16.400794704928725, -18.609480499044363, -19.16317613147841, -19.192173030455187, -16.709044861014306, -13.122549164607818, -10.55798519724275, -6.713265815837849, -4.410459150823416, -0.2603736437416342, 2.5780949052654423, 4.433419111505537, 5.012122070992934, -0.5347457383359533, -7.364657656042528, -13.256638168810843, -21.239552877727654, -23.6372055736519, -24.703409465390816, -24.664246864593554, -24.051397749993523, -22.971333060651393, -18.383055522825213, -12.876304014969207, -7.983019961060038, -1.5496764053275973], "acc_z": [-6.436192427969961, -11.175740913055616, -1.1874145575693458, 9.467605337216307, 18.427238364933526, 26.572358550544386, 27.794795765994852, 24.495458381115448, 15.383263338778951, 13.8028594704789, 16.791487815576573, 5.9875774855070825, -7.680717208164616, -19.192115429672324, -26.12244316277092, -23.50185198477857, -16.148161294682254, -5.089751913369328, -2.115147726074129, -0.8450073854375995, 0.8018658318814182, 2.060860727410592, 2.6232948774108826, 0.9217764015709979, -1.410928758979387, -2.4861638755437028, -4.300790470924903, -4.64750503027922, -4.318248985342279, -5.188119445396521, -3.4338395420396495, -1.4445084982494532, -0.9577824749218299, -0.059827451795335905, -0.22158091850339842, -0.3531686620986287], "x": [-7618, -7623, -7640, -7657, -7659, -7669, -7670, -7676, -7676, -7675, -7674, -7667, -7661, -7648, -7628, -7617, -7581, -7578, -7532, -7525, -7499, -7488, -7476, -7465, -7460, -7449, -7448, -7435, -7430, -7384, -7369, -7332, -7300, -7265, -7201, -7184], "y": [-7100, -7064, -6897, -6691, -6652, -6422, -6401, -6251, -6241, -6053, -6020, -5902, -5831, -5723, -5583, -5529, -5388, -5380, -5242, -5217, -5122, -5072, -5010, -4934, -4901, -4805, -4800, -4720, -4707, -4653, -4644, -4634, -4631, -4626, -4617, -4614], "z": [502, 502, 501, 502, 502, 502, 503, 503, 502, 502, 503, 506, 509, 511, 515, 516, 521, 521, 522, 523, 525, 527, 529, 532, 532, 535, 535, 536, 537, 537, 538, 539, 540, 540, 541, 541], "dataKey": "2019-Monaco Grand Prix-Practice 3-VET-7"}}