{"tel": {"time": [0.0, 0.03, 0.162, 0.329, 0.363, 0.603, 0.629, 0.83, 0.843, 1.083, 1.13, 1.323, 1.43, 1.563, 1.73, 1.803, 2.03, 2.043, 2.283, 2.33, 2.523, 2.63, 2.763, 2.93, 3.003, 3.23, 3.243, 3.483, 3.53, 3.762, 3.83, 4.002, 4.13, 4.242, 4.43, 4.482], "rpm": [11388.552300627789, 11397.338881075586, 11436.0, 11571.427783233163, 11599.0, 11589.0, 11610.7748928, 11779.1123392, 11790.0, 11894.0, 11748.8880928, 11153.0, 10526.605290666666, 9748.0, 9746.608334933333, 9746.0, 9544.5376704, 9533.0, 9673.0, 9561.9629536, 9106.0, 9028.870971733333, 8933.0, 9255.170462933333, 9396.0, 8562.721538133334, 8515.0, 8263.0, 8321.79191498225, 8612.0, 8136.0, 6932.0, 6036.0, 5252.0, 3975.166666666667, 3622.0], "speed": [279.64435144650827, 279.8953966021596, 281.0, 284.3233811836359, 285.0, 288.0, 288.3249984, 290.8374976, 291.0, 295.0, 292.25834453333334, 281.0, 269.8541866666667, 256.0, 230.9500288, 220.0, 194.4625216, 193.0, 159.0, 155.86667946666665, 143.0, 137.20417706666666, 130.0, 123.04167466666667, 120.0, 103.92084693333334, 103.0, 87.0, 85.82079253617265, 80.0, 74.9, 62.0, 52.93333333333333, 45.0, 9.75, 0.0], "gear": [7, 7, 7, 7, 7, 7, 7, 7, 7, 7, 7, 7, 7, 7, 7, 7, 7, 7, 7, 7, 5, 5, 4, 4, 3, 3, 2, 2, 2, 1, 1, 1, 1, 1, 1, 1], "throttle": [100.0, 100.0, 100.0, 100.0, 100.0, 100.0, 100.0, 100.0, 100.0, 87.0, 69.9625696, 0.0, 0.44583253333333334, 1.0, 1.6958325333333333, 2.0, 4.8374976, 5.0, 7.0, 7.0, 7.0, 4.3250048, 1.0, 0.3041674666666666, 0.0, 0.0, 0.0, 0.0, 0.0, 0.0, 0.0, 0.0, 0.5333333333333333, 1.0, 3.35, 4.0], "brake": [0, 0, 0, 0, 0, 0, 0, 0, 0, 1, 1, 1, 1, 1, 1, 1, 1, 1, 1, 1, 1, 1, 1, 1, 1, 1, 1, 1, 1, 1, 1, 1, 1, 1, 1, 1], "drs": [1, 1, 1, 1, 1, 1, 1, 1, 1, 1, 1, 0, 0, 0, 0, 0, 0, 0, 0, 0, 0, 0, 0, 0, 0, 0, 0, 0, 0, 0, 0, 0, 0, 0, 0, 0], "distance": [0.010280628030332695, 2.347626166495294, 12.687777777777779, 25.896630182437033, 28.600277777777777, 47.80027777777778, 49.889990198863075, 66.13886161535575, 67.20027777777779, 86.86694444444444, 90.63233385541079, 105.60027777777778, 113.46693976043996, 122.66694444444444, 133.07712065185683, 137.3336111111111, 149.56317362353423, 150.20027777777779, 160.80027777777778, 162.73492800907582, 170.3336111111111, 174.29002879149579, 179.00027777777777, 184.6700725567614, 187.00027777777777, 193.52577500019845, 193.8669444444444, 199.66694444444443, 200.7598494716377, 205.8669444444444, 207.14958650479593, 210.00027777777774, 211.90257447588107, 213.00027777777774, 213.06299119864863, 213.00027777777774], "rel_distance": [4.822051892937676e-05, 0.011011365421119496, 0.05951107526699597, 0.12146621220367042, 0.13414746958063692, 0.2242036374249044, 0.2340052776613371, 0.3102193970136072, 0.315197890350883, 0.40744292338580973, 0.42510420155211254, 0.49531022603941793, 0.5322082172834148, 0.5753601530121001, 0.6241883080028882, 0.6441530590042489, 0.7015149097480373, 0.7045031992609976, 0.7542217085916869, 0.7632960411932352, 0.7989370974865836, 0.8174943795015186, 0.8395874510273987, 0.8661812005200392, 0.8771108542958436, 0.9077182122713443, 0.9093184421012586, 0.936522909470881, 0.9416490989795664, 0.9656035470039257, 0.9716196839138805, 0.9849906386926222, 0.9939132194600173, 0.9990619149182889, 0.9993560675409993, 0.9990619149182889], "acc_x": [1.5496641483818834, 2.920896831856502, 3.9887047630966213, 4.456308087222968, 4.242482254207825, 3.5572500241036495, 3.4722213786028293, 3.838201440747656, 3.086764986913153, -3.4718776806765446, -11.91012813237548, -21.961159835390923, -28.567381399176945, -35.54140674897121, -37.15792131687245, -35.567131851851855, -34.65676792270531, -35.37522793216889, -31.131400771675064, -23.91290741687099, -16.948303209876546, -15.146606419753091, -13.244599506172829, -14.130657448559653, -16.31815670781893, -18.65280034223069, -18.293705275858187, -14.058174942657594, -11.236121597188014, -12.638171066852703, -17.094894815691156, -20.282921810699595, -26.66666666666667, -37.247942386831255, -48.05041152263357, -34.722222222222044], "acc_y": [-4.717087265662636, -4.886956536422205, -5.011931532306738, -6.900670352030854, -8.607800198988684, -10.002129990132385, -11.514368776043257, -12.412378456011071, -12.746087654032252, -13.09551120668468, -16.175257505690496, -18.505191689599176, -18.684089803857983, -18.73647557425074, -16.573954412778374, -12.79896020871844, -9.97447002692219, -6.070320284150165, -3.817375848898233, 0.10955449546982399, 2.9224422616933867, 4.5352491663857215, 5.172012451566214, -0.31070576007072237, -7.6345933368643415, -13.509300752708107, -22.245950250620925, -24.716772305710986, -25.76032131817427, -25.668454412550616, -25.213624383260033, -24.090872051089935, -19.376345209781665, -13.532189532955556, -8.792360233889966, -1.632843931351865], "acc_z": [-6.453393359952788, -4.123486881750267, -0.5995032750102993, 3.1991644964302943, 6.375032665521026, 6.375032665521026, 23.071979166581443, 16.587608871838864, 10.735124184018565, 10.1984217769897, 6.219789378937475, 1.7045100906346253, -4.432864782579397, -9.95913766237415, -9.175166833813476, -24.05372215020606, -15.79901192124902, -4.579461884721167, -0.8337332880960459, 0.34915920080878116, 0.7019481036288714, 2.3090392576299426, 3.544219584497405, 1.6976518451586524, -0.7842719112482512, -2.1266660714625276, -3.9610566027821674, -4.71305466303058, -4.398364034408494, -3.9661224895212674, -3.2345065417489107, -2.1192821579123495, -1.0566852471342711, -0.17923364501471892, -0.26124183102280635, -0.40768272716378584], "x": [-7618.737962464264, -7623.0, -7640.27477168531, -7657.0, -7659.410190852982, -7669.131701503489, -7670.0, -7676.0, -7676.2022827080855, -7675.004328852883, -7674.0, -7667.629171830767, -7661.0, -7648.638694640376, -7628.0, -7617.760706256027, -7581.0, -7578.652348400023, -7532.867155471189, -7525.0, -7499.123728065396, -7488.0, -7476.543300496436, -7465.0, -7460.576417592132, -7449.0, -7448.419696768601, -7435.57377426884, -7430.0, -7384.092771249994, -7369.0, -7332.127049168922, -7300.0, -7265.347744897668, -7201.0, -7184.21477756887], "y": [-7100.402215526048, -7064.0, -6897.371680799153, -6691.0, -6652.997760094192, -6422.400705166401, -6401.0, -6251.0, -6241.157500562479, -6053.228431671599, -6020.0, -5902.2963077012655, -5831.0, -5723.5029439885, -5583.0, -5529.853235013872, -5388.0, -5380.228313101596, -5242.0572368497305, -5217.0, -5122.0709199794965, -5072.0, -5010.302619107637, -4934.0, -4901.188902396789, -4805.0, -4800.048336050401, -4720.259637568888, -4707.0, -4653.642965160327, -4644.0, -4634.030623799041, -4631.0, -4626.430597710171, -4617.0, -4614.716267764252], "z": [502.0117841042176, 502.0, 501.9248221050751, 502.0, 502.0778352186438, 502.94510745134534, 503.0, 503.0, 502.97634644171376, 502.6328926362054, 503.0, 506.5949803015922, 509.0, 511.6994429225972, 515.0, 516.5666789393692, 521.0, 521.1616438067053, 522.6446879518426, 523.0, 525.3328040089995, 527.0, 529.2874826729026, 532.0, 532.919264668519, 535.0, 535.104426687902, 536.7701605180536, 537.0, 537.7079295796068, 538.0, 539.151087518315, 540.0, 540.5211367305058, 541.0, 541.0666872554523], "dataKey": "2019-Monaco Grand Prix-Practice 3-VET-7"}}