{"tel": {"time": [0.0, 0.014, 0.179, 0.254, 0.479, 0.494, 0.734, 0.779, 0.974, 1.079, 1.214, 1.379, 1.454, 1.679, 1.694, 1.934, 1.979, 2.174, 2.279, 2.413, 2.579, 2.653, 2.879, 2.893, 3.173, 3.179, 3.413, 3.479, 3.653, 3.779, 3.893, 4.079, 4.133, 4.373, 4.379, 4.613, 4.679, 4.853, 4.979, 5.054, 5.279, 5.294, 5.534, 5.579, 5.774, 5.879, 6.014, 6.079, 6.254, 6.379, 6.494, 6.679, 6.734, 6.974, 6.979, 7.214, 7.279, 7.454, 7.579, 7.694, 7.879, 7.934, 8.174, 8.179, 8.414, 8.479, 8.654, 8.779, 8.894, 9.079, 9.134, 9.374, 9.379, 9.613, 9.679, 9.853, 9.979, 10.093, 10.279, 10.413, 10.579, 10.653, 10.879, 10.893, 11.133, 11.179, 11.373, 11.479, 11.574, 11.779, 11.814], "rpm": [11478.3834304, 11489.0, 11524.7500416, 11541.0, 11816.6249216, 11835.0, 11961.0, 11828.9994368, 11257.0, 11034.312635733333, 10748.0, 10748.0, 10748.0, 10975.8124352, 10991.0, 11106.0, 11103.5624896, 11093.0, 11150.112920605745, 11223.0, 11243.750016, 11253.0, 11388.5999232, 11397.0, 11470.0, 11470.6000128, 11494.0, 11510.499968, 11554.0, 11601.250048, 11644.0, 11682.749973333333, 11694.0, 11781.0, 11781.8250176, 11814.0, 11834.349960533333, 11888.0, 11930.626922547875, 11956.0, 11973.812494933334, 11975.0, 12079.0, 12071.3124672, 12038.0, 12028.8125056, 12017.0, 12007.520842666667, 11982.0, 11961.166634666666, 11942.0, 11939.6875008, 11939.0, 11138.0, 11131.103901866667, 10807.0, 10730.895908266666, 10526.0, 10747.354506666667, 10951.0, 11234.666568533334, 11319.0, 11373.0, 11358.707784533333, 10687.0, 10849.49984, 11287.0, 11229.1874112, 11176.0, 11867.4372608, 12073.0, 11824.0, 11808.978506717052, 11106.0, 10919.275362133334, 10427.0, 10184.974754133333, 9966.0, 9419.625376, 9026.0, 8683.624736, 8531.0, 7849.233719466667, 7807.0, 6978.0, 6709.66592, 5578.0, 5221.502804538206, 4902.0, 6161.897013333333, 6377.0], "speed": [281.5916704, 282.0, 282.6875008, 283.0, 288.6249984, 289.0, 293.0, 293.3750016, 295.0, 297.18749866666667, 300.0, 301.3750016, 302.0, 304.8124992, 305.0, 308.0, 308.3750016, 310.0, 311.3179904755172, 313.0, 314.3833344, 315.0, 315.94166613333334, 316.0, 319.0, 319.05000106666665, 321.0, 321.27499946666666, 322.0, 322.52500053333335, 323.0, 325.3249984, 326.0, 327.0, 327.05000106666665, 329.0, 329.27499946666666, 330.0, 331.253733016114, 332.0, 332.9374997333333, 333.0, 336.0, 336.0, 336.0, 336.0, 336.0, 335.7291669333333, 335.0, 335.0, 335.0, 334.2291669333333, 334.0, 327.0, 326.5208149333333, 304.0, 301.5625024, 295.0, 288.2291562666667, 282.0, 267.3541717333333, 263.0, 258.0, 257.79165866666665, 248.0, 245.02083626666666, 237.0, 229.70832213333333, 223.0, 209.1250048, 205.0, 196.0, 195.74894440195632, 184.0, 181.5250048, 175.0, 171.32499626666666, 168.0, 159.8625056, 154.0, 149.1583296, 147.0, 139.46667093333332, 139.0, 115.0, 107.333312, 75.0, 53.90549139279328, 35.0, 5.1041386666666675, 0.0], "gear": [7, 7, 7, 7, 7, 7, 7, 7, 7, 7, 8, 8, 8, 8, 8, 8, 8, 8, 8, 8, 8, 8, 8, 8, 8, 8, 8, 8, 8, 8, 8, 8, 8, 8, 8, 8, 8, 8, 8, 8, 8, 8, 8, 8, 8, 8, 8, 8, 8, 8, 8, 8, 8, 8, 8, 8, 8, 8, 8, 8, 8, 7, 6, 6, 6, 6, 6, 6, 5, 5, 5, 4, 4, 4, 4, 4, 4, 4, 4, 4, 4, 4, 4, 4, 4, 4, 4, 4, 4, 4, 4], "throttle": [99.0583328, 99.0, 99.0, 99.0, 99.0, 99.0, 99.0, 99.0, 99.0, 99.0, 99.0, 99.0, 99.0, 99.0, 99.0, 99.0, 99.0, 99.0, 99.0, 99.0, 99.0, 99.0, 99.0, 99.0, 99.0, 99.0, 99.0, 99.0, 99.0, 99.0, 99.0, 99.0, 99.0, 99.0, 99.0, 99.0, 99.0, 99.0, 99.0, 99.0, 99.0, 99.0, 100.0, 99.8124992, 99.0, 99.0, 99.0, 99.0, 99.0, 99.0, 99.0, 99.77083306666667, 100.0, 20.0, 20.312512, 35.0, 35.0, 35.0, 23.541649066666665, 13.0, 19.166664533333332, 21.0, 41.0, 40.4374784, 14.0, 11.5625024, 5.0, 5.0, 5.0, 5.0, 5.0, 8.0, 8.062763899510923, 11.0, 9.900002133333333, 7.0, 10.675003733333334, 14.0, 11.6750016, 10.0, 13.458336, 15.0, 18.766664533333334, 19.0, 16.0, 14.2749952, 7.0, 6.472637284819832, 6.0, 6.8541674666666665, 7.0], "brake": [0, 0, 0, 0, 0, 0, 0, 0, 0, 0, 0, 0, 0, 0, 0, 0, 0, 0, 0, 0, 0, 0, 0, 0, 0, 0, 0, 0, 0, 0, 0, 0, 0, 0, 0, 0, 0, 0, 0, 0, 0, 0, 0, 0, 0, 0, 0, 0, 0, 0, 0, 0, 1, 1, 1, 1, 1, 1, 1, 1, 1, 1, 0, 0, 1, 1, 1, 1, 1, 1, 1, 1, 1, 1, 1, 1, 1, 1, 1, 0, 0, 0, 0, 0, 1, 1, 1, 1, 1, 1, 1], "drs": [1, 1, 1, 1, 1, 1, 1, 1, 1, 1, 1, 1, 1, 1, 1, 1, 1, 1, 1, 1, 1, 1, 1, 1, 1, 1, 1, 1, 1, 1, 1, 1, 1, 1, 1, 1, 1, 1, 1, 1, 1, 1, 1, 1, 1, 1, 1, 1, 1, 1, 1, 1, 1, 0, 0, 0, 0, 0, 0, 0, 0, 0, 0, 0, 0, 0, 0, 0, 0, 0, 0, 0, 0, 0, 0, 0, 0, 0, 0, 0, 0, 0, 0, 0, 0, 0, 0, 0, 0, 0, 0], "distance": [0.43969473600159015, 1.536111111111115, 14.4733264058335, 20.402777777777782, 38.455794603591066, 39.66944444444445, 59.20277777777778, 62.87705274974011, 78.86944444444444, 87.58671249925152, 98.86944444444444, 112.69336041086385, 119.00277777777777, 138.05898871050135, 139.3361111111111, 159.86944444444444, 163.73362650785683, 180.5361111111111, 189.64251487478896, 201.3158333333333, 215.83361762144756, 222.31583333333333, 242.14892552027962, 243.38249999999996, 268.1936111111111, 268.7273842629477, 289.5936111111111, 295.4915465931926, 311.0602777777778, 322.346354368467, 332.5936111111111, 349.4286412734952, 354.32694444444445, 376.12694444444446, 376.6736569418232, 398.0602777777778, 404.10195994839717, 420.06027777777774, 431.67328209158904, 438.59694444444443, 459.4034508943818, 460.79694444444436, 483.1969444444444, 487.39899313446574, 505.59694444444443, 515.4005702155619, 527.9969444444445, 534.0510391139885, 550.3302777777777, 561.9637007689907, 572.6636111111111, 589.8461599726638, 594.9302777777777, 616.7302777777778, 617.1681261484525, 636.9969444444445, 642.3736857004708, 656.6636111111111, 666.6056028116489, 675.4636111111112, 689.0265935533359, 692.9969444444445, 710.1969444444444, 710.5490149975403, 726.7302777777777, 731.0853246175046, 742.5302777777778, 750.416674722689, 757.3969444444444, 767.9962630984791, 771.0636111111111, 784.1302777777778, 784.3941864928339, 796.3458333333333, 799.6052780388588, 808.0124999999999, 813.9767248575092, 819.2125, 827.2946474532674, 832.9013888888888, 839.7179926903068, 842.7013888888888, 851.4626540223237, 851.9680555555555, 859.6347222222221, 860.8126812491209, 864.6347222222221, 865.9245352692327, 866.5888888888887, 866.6249795235893, 866.5888888888887], "rel_distance": [0.0005073856146082742, 0.0017725949764722524, 0.016701490858474676, 0.023543779569961416, 0.04437605316276071, 0.04577654404882491, 0.06831702845127129, 0.07255695700225162, 0.0910113728155091, 0.10107066178929695, 0.11409036708422553, 0.13004247095223603, 0.13732322131473337, 0.15931313045972234, 0.16078686548792842, 0.18448129960381063, 0.18894037138854913, 0.20832959368148427, 0.2188379256950112, 0.23230834818509355, 0.249061141204086, 0.2565412921672458, 0.2794276832129187, 0.28085116613029376, 0.3094819406869848, 0.3100978880625863, 0.33417646455451133, 0.34098238551392224, 0.35894791840293366, 0.37197148325057433, 0.3837963022322517, 0.4032230804638182, 0.4088754760042569, 0.4340315797571578, 0.4346624584868397, 0.45934154347185013, 0.4663133408813067, 0.48472843716743813, 0.4981292601674896, 0.5061188183554935, 0.5301284805109994, 0.5317365019937687, 0.5575849755747311, 0.5624339284564246, 0.5834334491556935, 0.5947463403049065, 0.6092819227366559, 0.6162680435456896, 0.6350534663367225, 0.6484778514637106, 0.6608250099367893, 0.680652807271675, 0.6865196235559602, 0.7116757273088612, 0.7121809823107297, 0.7350624415011605, 0.7412669305327706, 0.7577567858653983, 0.7692293443392151, 0.7794510404779919, 0.7951020401805324, 0.7996836254535665, 0.8195315605246626, 0.8199378322385169, 0.8386101957868014, 0.8436357008395039, 0.8568426012590875, 0.865943106753709, 0.8739979869988334, 0.8862290677222714, 0.8897686330824562, 0.9048469093380177, 0.9051514467241297, 0.9189430461708104, 0.9227042814547115, 0.9324057928275615, 0.9392882083927512, 0.9453300296180428, 0.9546564213556868, 0.9611263190286309, 0.9689923370318827, 0.9724350262203019, 0.9825450856103645, 0.9831282935648071, 0.9919752413678151, 0.9933345468493443, 0.9977449899349942, 0.999233369330978, 1.0, 1.0000416467775703, 1.0],